岗位名称,公司名称,公司规模,工作地区,学历要求,工作经验,薪资,联系电话,工作地点,全职/兼职,岗位描述
平面设计师,台山市台城陶艺建材店,49人及以下,广东省江门市台山市,无学历要求,1-3年,3500-5500元/月,159****2667,台山市台城环市东路2号13号铺位,全职,"岗位要求：

一、3年以上广告/家居/建材行业平面设计经验；
二、精通PS/AI/CDR/剪映，能够独立完成高精度效果图，勇于提出设计方案；
三、协助各个部门处理工作中遇到的问题需求；
工作内容及职责：
一、 负责家居建材品牌（瓷砖、卫浴、家装/定制等）的广告视觉设计，包括但不限于品牌画册、产品手册海报等。 
二、负责公司产品图片的拍摄和后期精修，包括产品前期拍照、后期图片剪辑处理、产品图片排版和优化的设计工作;
三、负责产品图片与实物的色彩、构图、细节等方面的校对、美化和处理工作;
四、负责云影公司自有商城、小红书、抖音等平面，文案制作发布；
五、对当前遇到的平面设计相关工作汇报;
相关待遇：
一、综合薪资5000元以上，试用期两个月，购买社保；
二、上班时间：08:30-12:00--14:00-18:30  包吃午餐，月休四天，节假日补假调休，有年假；；"
家装业务员,台山市台城陶艺建材店,49人及以下,广东省江门市台山市,无学历要求,无工作经验要求,3000-5000元/月,138****9205,台山市台城环市东路2号13号铺位,全职,"应聘条件：	
一、三年以上业务员或销售工作经验，具有家居建材行业经验者优先考虑；
二、外向开朗，反应敏捷，具有良好的沟通与人际交往能力；
三、勤奋，善于思考，细心，积极进取；具有团队合作精神，爱岗敬业。
工作内容及职责：
一、公司的项目产品销售及推广；
二、发展新客户，定期回访，线上线下客户开发及维护客户关系；
三、负责约客谈单，协助并解决交易过程产生的问题。
相关待遇：
一、综合薪资5000元以上，试用期两个月，购买社保；
二、上班时间：08:30-12:00--14:00-18:30  包午餐，月休四天，节假日调休，有年假；"
财务会计,博罗县杨村镇方大（惠州）新材料有限公司,100-299人,广东省惠州市博罗县,大学专科,3-5年,面议,134****8501,博罗县杨村镇塘角村连亚经济合作社陈村笏（土名）地段（厂房A（一层））,全职,"1.财务、会计等相关专业大专及以上学历，持有初级会计职称或以上资格证者优先。
2.至少三年以上制造业企业相关会计工作经验，熟悉一般纳税人全盘账务处理及税务流程。
3.熟练操作金蝶、用友等主流财务软件，精通Excel等Office办公软件。
4.熟悉国家财经法规和会计准则，了解最新税收政策。
5.具备强烈的责任心和敬业精神，工作细致严谨，有良好的学习能力、沟通能力和团队协作精神。"
饲料中控员,广东巨农生物科技有限公司,50-99人,广东省惠州市博罗县,中等专科,无工作经验要求,6000-7000元/月,136****9545,博罗县麻陂镇大马路80号,全职,"
1、学历中专及以上，接受上夜班，对事细致认真负责，有一定沟通能力，工资6-7K；
2、岗位职责：负责饲料生产全流程的实时监控，通过中控系统精准调控粉碎、混合、制粒等各工序设备运行参数，确保生产按工艺标准稳定运行。
3、依据生产计划，及时启动、停止或调整生产设备，合理安排生产顺序，保障生产任务高效完成。
4、密切关注生产设备运行状态，发现异常及时预警，并按流程通知相关人员处理，保障生产安全。
"
加油员,惠州大兴化工能源有限公司大通加油站,,广东省惠州市博罗县,无学历要求,无工作经验要求,面议,075****9336,博罗县杨村镇陈村村岭顶组广梅公路左侧,全职,"工作内容：负责加油、收银等工作
身体健康，敬业爱岗，能适应倒班工作安排
工作时间：三班倒"
手工、组胶技工,远恒幕墙（惠州）有限公司,,广东省惠州市博罗县,无学历要求,无工作经验要求,7000-9000元/月,136****5358,广东省惠州市博罗县杨村镇金杨大道763号,全职,"身体健康,熟悉门窗/草墙图纸，有相关行业工作经验;工作认真、
踏实;责任心强，执行能力强;。综合收入7000~9000元。                   工作时间及待遇:
1、工作时间:正班21.75天(按劳动法)+加班。
2、工资计算:底薪+加班费+绩效+全勤奖，购买社保。
3、公司免费提供吃、住(早中晚三餐)，宿舍3~6人间配备热水/空调、
Wi-Fi。
4、节日福利、聚餐、团建、礼品等。"
普工,远恒幕墙（惠州）有限公司,,广东省惠州市博罗县,无学历要求,无工作经验要求,5000-7000元/月,136****5358,广东省惠州市博罗县杨村镇金杨大道763号,全职,"身体健康，适应工厂工作，服从上级工作安排，吃苦耐劳,较
强责任心。综合收入5000-7000元。                     工作时间及待遇:
1、工作时间:正班21.75天(按劳动法)+加班。
2、工资计算:底薪+加班费+绩效+全勤奖，购买社保。
3、公司免费提供吃、住(早中晚三餐)，宿舍3~6人间配备热水/空调、
Wi-Fi。
4、节日福利、聚餐、团建、礼品等。"
质检员,远恒幕墙（惠州）有限公司,,广东省惠州市博罗县,无学历要求,1年以下,6000-8000元/月,136****5358,广东省惠州市博罗县杨村镇金杨大道763号,全职,"身体健康，熟悉门窗/幕墙图纸，有相关行业工作经验;工作认真、
踏实;责任心强，执行能力强;。综合收入6000~8000元。                   工作时间及待遇:
1、工作时间:正班21.75天(按劳动法)+加班。
2、工资计算:底薪+加班费+绩效+全勤奖，购买社保。
3、公司免费提供吃、住(早中晚三餐)，宿舍3~6人间配备热水/空调、
Wi-Fi。
4、节日福利、聚餐、团建、礼品等。"
CNC编程员,远恒幕墙（惠州）有限公司,,广东省惠州市博罗县,无学历要求,1-3年,7000-9000元/月,136****5358,广东省惠州市博罗县杨村镇金杨大道763号,全职,"身体健康，有2年以上的幕墙行业相关工作经验，熟悉幕墙门窗
加工图纸及数控编程;熟练使用MasterCam，Mill9.1软件。责任心强，执行能力强;工
作认真、有耐心，有良好的沟通能力及较强的协调能力;综合收入7000-9000元。                     工作时间及待遇:
1、工作时间:正班21.75天(按劳动法)+加班。
2、工资计算:底薪+加班费+绩效+全勤奖，购买社保。
3、公司免费提供吃、住(早中晚三餐)，宿舍3~6人间配备热水/空调、
Wi-Fi。
4、节日福利、聚餐、团建、礼品等。"
仓管,广东巨农生物科技有限公司,50-99人,广东省惠州市博罗县,中等专科,无工作经验要求,面议,136****9545,博罗县麻陂镇大马路80号,全职,"
1、长白班，工资5-7K；
2、需要会开叉车，有叉车证；
3、做过仓管工作优先，负责仓库出入库管理、库存盘点等。

公司福利：五险一金、包吃，外地提供住宿补贴、每月10号准时发工资
"
缝包工,广东巨农生物科技有限公司,50-99人,广东省惠州市博罗县,无学历要求,无工作经验要求,面议,136****9545,博罗县麻陂镇大马路80号,全职,"1、要上夜班，工资5-6K；
2、需要会开叉车，有叉车证；                 公司福利：五险一金、包吃，外地提供住宿补贴、每月10号准时发工资

"
商务助理,广东新正机场建设管理有限责任公司,50-99人,广东省深圳市宝安区,大学专科,1-3年,5000-8000元/月,,深圳市宝安区福海街道桥头社区福瑞路1号立新湖创意园2号楼110,全职,"岗位职责：
（1）负责市场项目信息收集、整理、统计；
（2）负责招标信息筛选，投标文件的制作及相关工作协调；
（3）负责投标文件的编制、开标等；  
（4）负责项目中标后与业主沟通合同事宜，签订合同；
（5）合同履约过程中，督促项目进度，催收项目款。
（6）有机场相关工作经验可优先考虑。

任职要求：
（1）市场营销、工程类类专业优先；
（2）专科及以上学历；
（3）应届毕业生及有相关工作经验者均可。
（4）有机动车驾驶证，熟练驾驶机动车；"
建筑施工图设计,广东新正机场建设管理有限责任公司,50-99人,广东省深圳市宝安区,大学专科,1-3年,4000-8000元/月,,深圳市宝安区福海街道桥头社区福瑞路1号立新湖创意园2号楼110,全职,"岗位职责：

1、负责公司项目方案效果图、施工方案图的编制和设计

2、建筑知识扎实掌握多种电脑软件，擅长CAD、3Dmax

3、负责公司项目现场踏勘和各类方案和图纸制作和汇报

4、负责完成领导交办的其他任务，服从公司领导安排


任职要求：

1、大专学历及以上，熟悉基本的工程制图识图，建筑设计等设计相关专业，有相关工作经验。

2、熟练操作CAD、3DMAX 、Sketchup 等设计建模软件，掌握各种建模、渲染及表现技法。

3、熟悉土建和机电安装图纸，能独立而高效地完成图纸制作；

4、工作敬业，细心高效，具有团队合作精神。

上下班时间：
08：30—12：00  14：00—18：00   
大小周（单双休）"
业务员,广东新正机场建设管理有限责任公司,50-99人,广东省深圳市,大学专科,1-3年,4000-8000元/月,,广东省深圳市宝安区福瑞路2号,全职,"岗位职责:1、负责公司业务销售工作和项目拓展，熟练掌握商务、社交礼仪_负责业务前期考察、商务洽谈，编制项目准备书、投标方案、合同拟定、反馈沟通及款项催收等；2、负责合同管理、销售流程、产品报价、客户服务等规章制度的建立和改进，并组织落实；3、负责监督规划设计项目回款进度，深度挖掘客户潜在的需求；4、负责市场销售团队建设，人员培养，参与部门规章制度的制定与管理；5、掌握了解市场动态及行业动态，及时定期汇报公司领导，并提出合理化建议；6、完成领导临时交办的其他工作。 
     任职资格：1.市场营销、建筑工程等相关专业；2.有房地产工作经验，或电话销售经验者优先考虑；3.综合素质高，具有敏锐的市场洞察力和谈判能力，善于与人沟通，能够吃苦耐劳，热爱市场销售工作；4.较高的敬业精神和职业素养，对公司、客户有责任心，诚信务实；5.具备优秀的人际交往沟通能力及服务意识，优秀的谈判技巧与能力；6.能接受短期出差_综合条件特别优秀或具备丰富相关从业经验者，购买社保。绩效工资另算"
建筑施工项目经理,广东新正机场建设管理有限责任公司,50-99人,广东省深圳市宝安区,大学专科,1-3年,6000-9000元/月,,深圳市宝安区福海街道桥头社区福瑞路1号立新湖创意园2号楼110,全职,"岗位职责：
1、负责组织实施项目施工组织设计及既定的方针目标，负责项目计划统计、安全生产、文明施工、施工机械设备、材料、人员等各项管理协调、调配工作；
2、负责工程的具体执行，与甲方、监理单位沟通协调和资料对接
3、组织施工现场材料的进场验收和进场方案编制和相关资料的报审报验
4、负责竣工验收和竣工结算等

任职要求：
1、熟悉施工现场流程，对各工序有较强把控能力，有较强的施工方案和技术交底编制能力；
2、有丰富的一线施工管理经验，熟悉和了解工程项目特点，熟悉土建和机电、钢结构施工工序要求。
3、必须持有广东省机电工程专业二级建造师及以上执业资格，具备有效的安全生产考核合格证书（B类）。
4，持有建筑电工特种作业证优先考虑，熟悉中建系统施工现场工序和要求。
5、服从公司安排，性格外向开朗，有较强的人际交往和沟通能力。需要经常外出省内外项目驻场，非办公室的，月休四天。"
安保员（退伍军人）,广州岭南酒店物业管理有限公司岭业物业管理分公司,,广东省广州市番禺区,无学历要求,无工作经验要求,4900-5000元/月,159****4836,广东省广州市番禺区石楼镇,全职,退伍军人，175以上，40以下，半军事化管理，主要负责外围值班、门岗值班、监控室值班。
佛山顺德新店开业 小象超市驻店外卖配送员-免费提供外卖电动车-免费提供住宿,海耀星途（广州）互联网科技有限公司,49人及以下,广东省佛山市顺德区,无学历要求,无工作经验要求,9000-13000元/月,157****9989,佛山顺德大良,全职,"超市驻店配送员岗位-免费提供外卖电动车-免费提供宿舍
1.只送一个门店的订单，取货只在一个地方2.配送的都是小件生活用品，都是打包好的，直接拿走不用等单
3.全是顺路单，配送范围小，两公里内的社区骑手
4.多劳多得，每天轻松80-120单
5.薪资福利待遇
日收入400-500周收入2500+
月收入工资9000-13000(上不封顶)综合补贴:底薪+全
勤奖+高温补+话补+大额远程补贴+冲单奖等(800-1500元)每单配送费5元-8元单，日收入400元以上
6.门店提供电动车(换电方便，无限续航，无任何抵押-无任何租金)
7.提供住宿(4人间，干净卫生，洗澡空调洗衣机俱
全 工作地址广州所有区域均有站点，可以就近安排。
其他福利
1，当天直接安排住宿、安排上岗2，没钱可预支工资
3.站长之前也是做骑手的，对人好，上升空间大配送
员，骑手，生鲜配送，水果配送，商超配送蔬菜面
送，固定位置取货配送，上手简单，有老骑手带"
中山石岐区-小象超市驻店配送员 包住+免费提供外卖电动车,海耀星途（广州）互联网科技有限公司,49人及以下,广东省中山市,无学历要求,无工作经验要求,9000-13000元/月,157****9989,广东省中山市石岐街道悦华街10号,全职,"1.只送一个门店的订单，取货只在一个地方。
2.配送的都是小件生活用品，都是打包好的，直接拿走不用等单。
3.全是顺路单，配送范围小，两公里内的社区骑手。
4.多劳多得，每天轻松80-120单
5.薪资福利待遇
日收入400-500周收入2500+
月收入工资9000-13000(上不封顶)综合补贴:底薪+全勤奖+高温补+话补+大额远程补贴+冲单奖等(800-1500元)每单配送费5元-8元单，日收入400元以上
6.门店提供电动车(换电方便，无限续航，无任何抵押)
7.提供住宿(4人间，干净卫生，洗澡空调洗衣机俱
全。
1，当天直接安排住宿、安排上岗2，没钱可预支工资
3.站长之前也是做骑手的，对人好，上升空间大配送员，骑手，生鲜配送，水果配送，商超配送蔬菜面送，固定位置取货配送，上手简单，有老骑手带。"
中山西区-小象超市驻店配送员-包住 免费提供外卖电动车,海耀星途（广州）互联网科技有限公司,49人及以下,广东省中山市西区街道办事处,无学历要求,无工作经验要求,9000-13000元/月,157****9989,广东省中山市富华道金嘉创新港1层105卡,全职,"1.只送一个门店的订单，取货只在一个地方。
2.配送的都是小件生活用品，都是打包好的，直接拿走不用等单。
3.全是顺路单，配送范围小，两公里内的社区骑手。
4.多劳多得，每天轻松80-120单
5.薪资福利待遇
日收入400-500周收入2500+
月收入工资9000-13000(上不封顶)综合补贴:底薪+全勤奖+高温补+话补+大额远程补贴+冲单奖等(800-1500元)每单配送费5元-8元单，日收入400元以上
6.门店提供电动车(换电方便，无限续航，无任何抵押)
7.提供住宿(4人间，干净卫生，洗澡空调洗衣机俱
全 工作地址广州-佛山-中山所有区域均有站点门店，上班离家近，可以就近安排。
其他福利
1，当天直接安排住宿、安排上岗2，没钱可预支工资
3.站长之前也是做骑手的，对人好，上升空间大配送员，骑手，生鲜配送，水果配送，商超配送蔬菜面送，固定位置取货配送，上手简单，有老骑手带。"
中山东区-小象超市驻店配送员 包住+免费提供外卖电动车,海耀星途（广州）互联网科技有限公司,49人及以下,广东省中山市东区街道办事处,无学历要求,无工作经验要求,9000-13000元/月,157****9989,广东省中山市东江路长宝羽毛球俱乐部斜对面,全职,"1.只送一个门店的订单，取货只在一个地方。
2.配送的都是小件生活用品，都是打包好的，直接拿走不用等单。
3.全是顺路单，配送范围小，两公里内的社区骑手。
4.多劳多得，每天轻松80-120单
5.薪资福利待遇
日收入400-500周收入2500+
月收入工资9000-13000(上不封顶)综合补贴:底薪+全勤奖+高温补+话补+大额远程补贴+冲单奖等(800-1500元)每单配送费5元-8元单，日收入400元以上
6.门店提供电动车(换电方便，无限续航，无任何抵押)
7.提供住宿(4人间，干净卫生，洗澡空调洗衣机俱
全 工作地址广州-佛山-中山所有区域均有站点门店，上班离家近，可以就近安排。
其他福利
1，当天直接安排住宿、安排上岗2，没钱可预支工资
3.站长之前也是做骑手的，对人好，上升空间大配送员，骑手，生鲜配送，水果配送，商超配送蔬菜面送，固定位置取货配送，上手简单，有老骑手带。"
广州天河区-小象超市驻店外卖配送员 免费提供外卖电动车-免费提供住宿,海耀星途（广州）互联网科技有限公司,49人及以下,广东省广州市,无学历要求,无工作经验要求,9000-13000元/月,157****9989,广东省广州市天河区石牌街道石牌东路123号,全职,"超市驻店配送员岗位-免费提供外卖电动车-包住
1.只送一个门店的订单，取货只在一个地方2.配送的都是小件生活用品，都是打包好的，直接拿走不用等单
3.全是顺路单，配送范围小，两公里内的社区骑手
4.多劳多得，每天轻松80-120单
5.薪资福利待遇
日收入400-500周收入2500+
月收入工资9000-13000(上不封顶)综合补贴:底薪+全
勤奖+高温补+话补+大额远程补贴+冲单奖等(800-1500元)每单配送费5元-8元单，日收入400元以上
6.门店提供电动车(换电方便，无限续航，无任压金)
7.提供住宿(4人间，干净卫生，洗澡空调洗衣机俱
全 工作地址广州所有区域均有站点，可以就近安排。
其他福利
1，当天直接安排住宿、安排上岗2，没钱可预支工资
3.站长之前也是做骑手的，对人好，上升空间大配送
员，骑手，生鲜配送，水果配送，商超配送蔬菜面
送，固定位置取货配送，上手简单，有老骑手带"
广州海珠区-小象超市驻店配送员 免费提供外卖电动车 免费提供住宿,海耀星途（广州）互联网科技有限公司,49人及以下,广东省广州市海珠区,无学历要求,无工作经验要求,9000-13000元/月,157****9989,广东省广州市海珠区昌岗街道江南大道南362号,全职,"超市驻店配送员岗位
1.只送一个门店的订单，取货只在一个地方2.配送的都是小件生活用品，都是打包好的，直接拿走不用等单
3.全是顺路单，配送范围小，两公里内的社区骑手
4.多劳多得，每天轻松80-120单
5.薪资福利待遇
日收入400-500周收入2500+
月收入工资9000-13000(上不封顶)综合补贴:底薪+全
勤奖+高温补+话补+大额远程补贴+冲单奖等(800-1500元)每单配送费5元-8元单，日收入400元以上
6.门店提供电动车(换电方便，无限续航，无任勾押)
7.提供住宿(4人间，干净卫生，洗澡空调洗衣机俱
全 工作地址广州所有区域均有站点，可以就近安排。
其他福利
1，当天直接安排住宿、安排上岗2，没钱可预支工资
3.站长之前也是做骑手的，对人好，上升空间大配送
员，骑手，生鲜配送，水果配送，商超配送蔬菜面
送，固定位置取货配送，上手简单，有老骑手带"
广州荔湾区-小象超市驻店外卖配送员-免费提供外卖电动车-免费提供住宿,海耀星途（广州）互联网科技有限公司,49人及以下,广东省广州市,无学历要求,无工作经验要求,9000-13000元/月,157****9989,广东省广州市荔湾区冲口街道坑口大街125,全职,"超市驻店配送员岗位-免费提供外卖电动车-包住
1.只送一个门店的订单，取货只在一个地方2.配送的都是小件生活用品，都是打包好的，直接拿走不用等单
3.全是顺路单，配送范围小，两公里内的社区骑手
4.多劳多得，每天轻松80-120单
5.薪资福利待遇
日收入400-500周收入2500+
月收入工资9000-13000(上不封顶)综合补贴:底薪+全
勤奖+高温补+话补+大额远程补贴+冲单奖等(800-1500元)每单配送费5元-8元单，日收入400元以上
6.门店提供电动车(换电方便，无限续航，无任压金)
7.提供住宿(4人间，干净卫生，洗澡空调洗衣机俱
全 工作地址广州所有区域均有站点，可以就近安排。
其他福利
1，当天直接安排住宿、安排上岗2，没钱可预支工资
3.站长之前也是做骑手的，对人好，上升空间大配送
员，骑手，生鲜配送，水果配送，商超配送蔬菜面
送，固定位置取货配送，上手简单，有老骑手带"
广州增城区-小象超市驻店外卖配送员-免费提供外卖电动车-免费提供住宿,海耀星途（广州）互联网科技有限公司,49人及以下,广东省广州市,无学历要求,无工作经验要求,9000-13000元/月,157****9989,广东省广州市增城区新塘镇广深大道西115,全职,"超市驻店配送员岗位:零元入职+免费提供外卖电动车+免费提供宿舍
1.只送一个门店的订单，取货只在一个地方2.配送的都是小件生活用品，都是打包好的，直接拿走不用等单
3.全是顺路单，配送范围小，两公里内的社区骑手
4.多劳多得，每天轻松80-120单
5.薪资福利待遇
日收入400-500周收入2500+
月收入工资9000-13000(上不封顶)综合补贴:底薪+全
勤奖+高温补+话补+大额远程补贴+冲单奖等(800-1500元)每单配送费5元-8元单，日收入400元以上
6.门店提供电动车(换电方便，无限续航，无任勾押)
7.提供住宿(4人间，干净卫生，洗澡空调洗衣机俱
全 工作地址广州所有区域均有站点，可以就近安排。
其他福利
1，当天直接安排住宿、安排上岗2，没钱可预支工资
3.站长之前也是做骑手的，对人好，上升空间大配送
员，骑手，生鲜配送，水果配送，商超配送蔬菜面
送，固定位置取货配送，上手简单，有老骑手带"
广州白云区-小象超市驻店配送员-免费提供外卖电动车-免费提供宿舍,海耀星途（广州）互联网科技有限公司,49人及以下,广东省广州市白云区,职业高中,1年以下,9000-13000元/月,157****9989,广东省广州市白云区棠景街道机场路585号,全职,"小象超市驻店配送员-岗位
免费提供外卖电动车-免费提供住宿
1.只送一个门店的订单，取货只在一个地方。
2.配送的都是小件生活用品，都是打包好的，直接拿走配送，不用等单。
3.全是顺路单，配送范围小，两公里内的社区骑手。
4.多劳多得，每天轻松80-120单
5.薪资福利待遇
日收入400-500周收入2500+
月收入工资9000-15000(上不封顶)综合补贴:底薪+全勤奖+高温补+话补+大额远程补贴+冲单奖等(800-1500元)每单配送费5元-8元单，日收入400元以上
6.门店提供电动车(换电方便，无限续航，无任何抵押)
7.提供住宿(4人间，干净卫生，洗澡空调洗衣机俱全 ）
8，当天直接安排住宿、安排上岗。
9，每月发薪两次，可预支工资做生活费。"
宝妈销售,佛山市永盛房地产代理有限公司,50-99人,广东省佛山市高明区,无学历要求,无工作经验要求,2500-10000元/月,189****3603,佛山市高明区荷城街道祥福路130号123铺（住所申报）,全职,"1、初中以上学历；
2、薪酬福利：周末双休，上班时间：9:00-12:00，下午14:00-17:00；法定假期休息；
     无责任底薪+高额提成(最高达40-60%)+现金奖+旅游+各种专业培训 ，购社保；
"
置业顾问,佛山市永盛房地产代理有限公司,50-99人,广东省佛山市高明区,无学历要求,无工作经验要求,3000-10000元/月,189****3603,佛山市高明区荷城街道祥福路130号123铺（住所申报）,全职,"任职要求：
1、初中以上学历，欢迎优秀应届毕业生；
2、薪酬福利：无责任底薪+高额提成(最高达50%)+现金奖+旅游+各种专业培训 ，购社保；
3、退伍军人每月补贴300~500元。"
二手房销售主管,佛山市永盛房地产代理有限公司,50-99人,广东省佛山市高明区,无学历要求,无工作经验要求,4000-15000元/月,189****3603,佛山市高明区荷城街道祥福路130号123铺（住所申报）,全职,"1、负责销售的日常管理工作
2、及时做好各种统计工作，按时准确完成各项业务报表；
3、督促置业顾问按时认真完成各项阶段性的工作，指导工作；
4、具有带领团队凝聚力以及管理能力；
5、勤勉用心，以身作则，刻苦耐劳，能承受一定的工作压力；
6、房地产销售工作经验者更佳。
7、5000/月+提成百分之40%-60%+公佣。
主动来电者更佳"
新媒体专员,佛山市永盛房地产代理有限公司,50-99人,广东省佛山市高明区,大学专科,无工作经验要求,4000-5000元/月,189****3603,佛山市高明区荷城街道祥福路130号123铺（住所申报）,全职,懂基本摄影、剪辑视频及文案能力，愿意出镜
电工、维修工,江门市景隆橡塑有限公司,100-299人,广东省江门市新会区,无学历要求,无工作经验要求,4000-7500元/月,134****8320,江门市新会区三江镇联和村苕子地,全职,设备维护及维修
织造工,江门市景隆橡塑有限公司,100-299人,广东省江门市新会区,无学历要求,无工作经验要求,4000-7500元/月,134****8320,江门市新会区三江镇联和村苕子地,全职,按产计酬
整经工,江门市景隆橡塑有限公司,100-299人,广东省江门市新会区,无学历要求,无工作经验要求,4500-8000元/月,134****8320,江门市新会区三江镇联和村苕子地,全职,按产计酬
中医技师,深圳光芯城科技有限公司,49人及以下,广东省深圳市宝安区,中等专科,无工作经验要求,面议,191****2877,深圳市宝安区新安街道华创达创客联盟B座,实习,招聘中医辅助医疗护理员，中医辅助治疗技师，中医推拿师。需要有从业资格证书，无证书者可以提供培训补贴。
养老护理员,深圳光芯城科技有限公司,49人及以下,广东省深圳市宝安区,中等专科,无工作经验要求,面议,191****2877,深圳市宝安区新安街道华创达创客联盟B座,实习,招聘专业养老陪护人员，公司提供陪护任务，时间根据陪护员及客户需求灵活安排。
医疗护理员,深圳光芯城科技有限公司,49人及以下,广东省深圳市宝安区,中等专科,无工作经验要求,面议,191****2877,深圳市宝安区新安街道华创达创客联盟B座,实习,招聘专业医疗护理员，护理专业优先考虑，需要有资格证书，未考证的学生可提供培训补贴。
主管/主任楼面中高层管理,江门市遇见餐饮管理有限公司,100-299人,广东省江门市蓬江区,中等专科,无工作经验要求,4000-5500元/月,155****9976,广东省江门市蓬江区环市街道建设二路99号,全职,"【岗位职责】
1、在不同的工作岗位上服务顾客，协助餐厅达到较佳的质量、服务、清洁及物超所值；
2、向顾客介绍和推荐本餐厅饮品及特色菜点；
3、充满热情，学习能力强，适应变革具备良好的沟通技巧和不断学习的能力、团队合作精神及工作责任心； 
4、积极参加培训，不断提高服务技能；


【任职要求】
1.年满22以上，有志于餐饮服务业； 
2.具有良好的顾客服务意识，善于沟通，充满热情； 
3.学习能力强，适应变革，具备良好的沟通技巧和不断学习的能力、具有团队合作精神及工作责任心 ；
4.工作踏实、细心、有责任感，为人诚恳；
5.上班时间：月休4天，能接受晚班（非固定一个班）

【福利待遇】
1.试用期三个月，提供食宿（含早中午晚餐+夜宵），宿舍4-6人/间，环境干净整洁；
2.每月20号准时出粮；
3.团队年轻人为主，氛围好，不定期下午茶，老板很nice
4.好申请休息

本公司实行24小时营业制，分三班，9小时/班，一个月转一次班。
早班：7：00－16：00或8：00－17：00
晚班：16：00－1：00或17：00－2：00
卡班：8：00－14：00　　18：00－21：00

【晋升路径】管理线： 服务员→组长→部长→主任→储备店长→店长"
连锁中式快餐店店助,江门市遇见餐饮管理有限公司,100-299人,广东省江门市蓬江区,大学专科,无工作经验要求,4000-5000元/月,155****9976,江门市遇见餐饮管理有限公司,全职,"小丁故事深耕餐饮行业，以招牌生焗排骨饭闻名，凭借独特风味与优质服务，在连锁餐饮市场稳步扩张。现因业务发展需要，诚招店助，邀你一同开启餐饮事业新征程！​
岗位职责​
全岗协同：接受前厅后厨通岗工作，前厅需热情接待顾客、高效点餐收银、维护就餐秩序；后厨协助食材处理、菜品制作，保障出餐效率与质量。​
运营支持：协助店长进行日常运营管理，执行门店服务标准，确保卫生、安全规范落实到位，及时处理顾客反馈与突发问题。​
学习成长：主动学习门店运营知识、产品制作工艺与服务技巧，快速适应岗位需求，在实践中不断提升个人能力。​
任职要求​：身体健康，能适应餐饮行业工作节奏。​
热爱餐饮行业，有明确的职业发展意向，渴望在餐饮领域长期发展。​
具备强烈的上进心与学习能力，上手快，能快速掌握前厅后厨工作技能。​
性格开朗，善于沟通，团队协作能力强，能接受后厨工作环境。
上班时间：上午：10:00-14:30   下午17：00-22:30 
下午时间段休息 月/休4天
接受无经验带训，愿意发展餐饮行业。这个岗位未来将向店长管理层发展储备"
餐厅服务员,江门市遇见餐饮管理有限公司,100-299人,广东省江门市蓬江区,大学本科,无工作经验要求,4000-5500元/月,155****9976,江门市遇见餐饮管理有限公司,全职,"【岗位职责】
1、在不同的工作岗位上服务顾客，协助餐厅达到较佳的质量、服务、清洁及物超所值；
2、向顾客介绍和推荐本餐厅饮品及特色菜点；
3、充满热情，学习能力强，适应变革具备良好的沟通技巧和不断学习的能力、团队合作精神及工作责任心； 
4、积极参加培训，不断提高服务技能；


【任职要求】
1.年满22以上，有志于餐饮服务业； 
2.具有良好的顾客服务意识，善于沟通，充满热情； 
3.学习能力强，适应变革，具备良好的沟通技巧和不断学习的能力、具有团队合作精神及工作责任心 ；
4.工作踏实、细心、有责任感，为人诚恳；
5.上班时间：月休4天，能接受晚班（非固定一个班）

【福利待遇】
1.试用期三个月，提供食宿（含早中午晚餐+夜宵），宿舍4-6人/间，环境干净整洁；
2.每月20号准时出粮；
3.团队年轻人为主，氛围好，不定期下午茶，老板很nice
4.好申请休息

本公司实行24小时营业制，分三班，9小时/班，一个月转一次班。
早班：7：00－16：00或8：00－17：00
晚班：16：00－1：00或17：00－2：00
卡班：8：00－14：00　　18：00－21：00

【晋升路径】管理线： 服务员→组长→部长→主任→储备店长→店长"
保洁员,东莞市莞城物业管理有限公司,,广东省东莞市莞城街道办事处,无学历要求,无工作经验要求,2080-3000元/月,076****1540,东莞市莞城各物业,全职,岗位职责：1.主要负责物业项目内清洁服务工作；2.能按要求完成上级领导安排的各项工作任务，服从临时安排的工作
绿化员,东莞市莞城物业管理有限公司,,广东省东莞市莞城街道办事处,无学历要求,无工作经验要求,2080-3000元/月,076****1540,东莞市莞城各物业,全职,岗位职责：主要负责物业项目内广场绿化、园林景观管理等工作；能按要求完成上级领导安排的各项工作任务，服从临时安排的工作
工程维修员,东莞市莞城物业管理有限公司,,广东省东莞市莞城街道办事处,无学历要求,无工作经验要求,2900-4600元/月,076****1540,东莞市莞城各物业,全职,岗位职责：主要负责物业设备设施维护、土建工程维修等；能按要求完成上级领导安排的各项工作任务，服从临时安排的工作
物业安全员,东莞市莞城物业管理有限公司,,广东省东莞市莞城街道办事处,无学历要求,无工作经验要求,2080-4500元/月,076****1540,东莞市莞城各物业,全职,岗位职责：主要负责物业楼宇、停车场安保工作，执勤、巡查、值岗等；能按要求完成上级领导安排的各项工作任务，服从临时安排的工作。
护校员,东莞市莞城物业管理有限公司,,广东省东莞市莞城街道办事处,无学历要求,无工作经验要求,2080-4500元/月,076****1540,东莞市莞城各物业,全职,岗位职责：主要负责学校安保工作，执勤、巡查、值岗等；能按要求完成上级领导安排的各项工作任务，服从临时安排的工作。
会务员,东莞市莞城物业管理有限公司,,广东省东莞市莞城街道办事处,无学历要求,无工作经验要求,3300-4200元/月,076****1540,东莞市莞城各物业,全职,岗位职责：跟进重大会议、接待，落实会前布置，会中服务，会后收拾整理等全方位工作；负责机关单位业务对接，会议室安排，座台牌设置等负责所管辖区域会议需求服务；
秩序维护员,东莞市达鑫物业管理有限公司,,广东省东莞市莞城街道办事处,无学历要求,无工作经验要求,4000-5000元/月,135****3460,东莞市石碣镇达鑫江滨新城,全职,有保安证或退伍军人证，享有技能补贴工资具有良好的客户服务意识，责任心强，有团队合作精神。
保安员,东莞市创意产业中心园区开发有限公司,,广东省东莞市莞城街道办事处,无学历要求,无工作经验要求,3000-4000元/月,076****2632,东莞市莞城街道南城段莞太路36号联丰商务楼501室,全职,工作负责，服务安排，有安保相关经验优先
物业消防保安员,东莞市福好物业服务有限公司莞城分公司,,广东省东莞市莞城街道办事处,无学历要求,无工作经验要求,5000-6000元/月,135****2929,东莞市南城鸿福路68号塞纳嘉园,全职,负责小区消防和监控设施设备的操作，小区日常巡逻、安保等工作，须持有建构筑物消防员中级证书。
业务跟单,东莞市龙翔汽车服务有限公司,,广东省东莞市莞城街道办事处,大学专科,无工作经验要求,8000-30000元/月,158****0156,东莞南城区创意谷2栋301室,全职,有销售经验并热爱销售工作，表达和沟通能力强，有一定抗压能力。职责：负责跟进客户车子的年审年检和车险续保工作。
装配电工讲师,东莞市智汇自动化科技有限公司,100-299人,广东省东莞市莞城街道办事处,大学专科,1-3年,7000-10000元/月,130****9092,东莞市莞城区莞太路79号,全职,1、电气自动化相关专业，装配行业3年工作经验；2、了解装配需求、工艺要求，进行工时估算与报价。3、能看懂电气原理图、掌握选型原则、能装配接线、能识别常见电气故障。正确使用量具、熟练使用钳工工具。4、完成设备通电前测试；传感器信号、I/O信号调试；电机试运行。5、有3C自动化非标与锂电行业经验优先。
洗洁员,东莞市鹤留山餐饮管理有限公司莞城分公司,100-299人,广东省东莞市莞城街道办事处,无学历要求,无工作经验要求,3000-3500元/月,137****9993,东莞各镇街,全职,负责厨具用具清洁，店内卫生保洁，服从安排，吃苦耐劳
水吧员,东莞市鹤留山餐饮管理有限公司莞城分公司,100-299人,广东省东莞市莞城街道办事处,无学历要求,无工作经验要求,4000-5000元/月,137****9993,东莞各镇街,全职,负责水吧产品制作，服从安排，吃苦耐劳。
服务员,东莞市鹤留山餐饮管理有限公司莞城分公司,100-299人,广东省东莞市莞城街道办事处,无学历要求,无工作经验要求,3500-4500元/月,137****9993,东莞各镇街,全职,负责楼面工作，服从安排，吃苦耐劳。
收银员,东莞市鹤留山餐饮管理有限公司莞城分公司,100-299人,广东省东莞市莞城街道办事处,无学历要求,无工作经验要求,3500-5000元/月,137****9993,东莞各镇街,全职,负责收银设备操作，服从安排，吃苦耐劳。
厨工,东莞市鹤留山餐饮管理有限公司莞城分公司,100-299人,广东省东莞市莞城街道办事处,无学历要求,无工作经验要求,4000-5000元/月,137****9993,东莞各镇街,全职,有餐饮业相关工作经验，服从安排，吃苦耐劳
厨师长,东莞市鹤留山餐饮管理有限公司莞城分公司,100-299人,广东省东莞市莞城街道办事处,无学历要求,无工作经验要求,5000-7000元/月,137****9993,东莞各镇街,全职,有餐饮业相关工作经验，服从安排，吃苦耐劳
店长,东莞市鹤留山餐饮管理有限公司莞城分公司,100-299人,广东省东莞市莞城街道办事处,无学历要求,无工作经验要求,5000-7000元/月,137****9993,东莞各镇街,全职,负责店内运营，处理客户诉求、协调员工关系等
保安员,广东宁泰保安服务有限公司,,广东省东莞市莞城街道办事处,无学历要求,无工作经验要求,4500-6000元/月,138****0534,东莞各镇街,全职,身体健康、等，能接受站岗、巡逻工作、接受夜班排班；有保安工作经验优先或退伍军人优先。
业务员,东莞市千溢计算机科技有限公司,49人及以下,广东省东莞市莞城街道办事处,大学专科,无工作经验要求,6000-8000元/月,152****0041,东莞市莞城区东城南路东升大厦,全职,能吃苦耐劳
电脑维护员,东莞市千溢计算机科技有限公司,49人及以下,广东省东莞市莞城街道办事处,大学专科,无工作经验要求,6000-8000元/月,152****0041,东莞市莞城区东城南路东升大厦,全职,"1、熟悉和掌握各种计算机软硬件，可独立进行安装、调试及故障排除；
2、了解局域网的维护及网络安全知识，可熟练进行局域网的搭建和网络设备的基本维护和故障处理；
3、熟悉电脑周边设备（打印机、扫描仪、传真机、复印机、投影仪、自助终端机等）安装与维护。
（可应届毕业生"
新媒体运营,东莞贝乐动漫文化有限公司,50-99人,广东省东莞市莞城街道办事处,大学专科,无工作经验要求,6000-8000元/月,131****0219,东莞市莞城街道莞太路34号东莞市创意产业中心园区10号楼201,全职,1、1年以上直播运营经验，熟悉抖音直播和平台规则、具备抖音、小红书电商直播经验者优先；2、良好的沟通协作能力、团队合作意识，责任心强，做事细心；3、情商较高，能有效处理好与组员、主播及粉丝之间的关系；4、能接受弹性工作时间。
直播,东莞贝乐动漫文化有限公司,50-99人,广东省东莞市莞城街道办事处,大学专科,无工作经验要求,8000-14000元/月,131****0219,东莞市莞城街道莞太路34号东莞市创意产业中心园区10号楼201,全职,"1、账号运营:负责抖音账号创建、运营工作，包括但不限于优化主页、详情页，制定视频文案，评论、私信回复和互动，平台各类活动策划等;提升抖音账号影响力、粉丝数量及活跃度;
2、店铺运营:熟悉商品发布规则，梳理商品类目，;
3、直播策划:负责抖音直播的整体规划和运营，负责定制直播活动的整体规划，包括主题策划、制定直播脚本、内容玩法、商品组合、流程执行等;对运营数据、目标业绩负责;
4、.数据分析:针对直播数据持续监控，进行统计、分析和调整抖音投放策略并定期形成分析报告，根据用户画像建立有效运营及内容产出，提高用户的关注度和转化率;
5、行业分析:关注行业动态，了解直播动态，及时提出对产品、合作改进方案；
6、完成小组直播间业绩指标，完成月度及年度业绩任务及提升转化；
7、负责小组的管理工作，了解成员工作状态。.
8、其他部门或直播间工作对接，对小组直播间货物出入库数据负责；
9、完成上级领导交代的其他工作。"""
业务经理,东莞市联桦汇业包装产品有限公司,,广东省东莞市莞城街道办事处,中等专科,无工作经验要求,5000-8000元/月,136****0303,东莞市莞城街道学院路249号联梓大厦,全职,负责在店面的销售管理维护工作
后勤维护员,东莞市联桦汇业包装产品有限公司,,广东省东莞市莞城街道办事处,中等专科,无工作经验要求,4000-7000元/月,136****0303,东莞市莞城街道学院路249号联梓大厦,全职,新媒体应用和电脑操作熟练，有电商运营经验优先
店务文员,东莞市联桦汇业包装产品有限公司,,广东省东莞市莞城街道办事处,中等专科,无工作经验要求,4000-6000元/月,136****0303,东莞市莞城街道学院路249号联梓大厦,全职,负责店面工作
物业电梯维保员,东莞万御安防科技服务有限公司,500-999人,广东省东莞市莞城街道办事处,中等专科,1年以下,5200-6400元/月,185****2887,东莞市莞城街道东城南路莞城段115号711室（东升大厦）,全职,负责电梯的正常运行和维修保养工作 。负责电梯及附属设备的维修保养和故障检修工作，保证电梯的正常运行。
物业维修电工,东莞万御安防科技服务有限公司,500-999人,广东省东莞市莞城街道办事处,中等专科,1年以下,5000-6000元/月,185****2887,东莞市莞城街道东城南路莞城段115号711室（东升大厦）,全职,负责小区或写字楼或商场基础设施设备的运行、维护、保养;负责智能化安防工程的技术调试和售后维护工作（门禁、对讲、周界、停车场、监控等）
物业安全员,东莞万御安防科技服务有限公司,500-999人,广东省东莞市莞城街道办事处,中等专科,1年以下,5000-6000元/月,185****2887,东莞市莞城街道东城南路莞城段115号711室（东升大厦）,全职,门卫守卫服务：客户通行、访客核实管理、外来人员（快递、外卖、中介、装修、家政、搬家等）管理、公务人员及媒体接待
会计,广东艺林绿化工程有限公司,1000-9999人,广东省东莞市莞城街道办事处,大学专科,1-3年,6000-6500元/月,137****3377,东莞万江坝头社区坝翔商业街1号104,全职,财务相关大专专业，有全面的财务专业知识，了解会计准则、国家财政政策以及相关的财务、税务等法律法规，熟悉银行（网银）结算业务；熟悉使用Windows、Word、Excel等常用办公软件
营业员,广东杏林春凉茶有限公司,300-499人,广东省东莞市莞城街道办事处,无学历要求,无工作经验要求,3500-6000元/月,137****2128,东莞市莞城街道罗沙路126号金沙大厦五楼,全职,身体健康，沟通能力强
储备干部,广东杏林春凉茶有限公司,300-499人,广东省东莞市莞城街道办事处,大学专科,无工作经验要求,4000-6000元/月,137****2128,东莞市莞城街道罗沙路126号金沙大厦五楼,全职,大专以上学历，协助经理处理区域日常事务；到辖区内各门店进行监督与指导等
创新专员,太平人寿保险有限公司广东电话销售中心,300-499人,广东省东莞市莞城街道办事处,大学本科,无工作经验要求,6000-8000元/月,185****1306,东莞市莞城街道汇峰中心F区十楼,全职,1本科及以上学历，金融相关专业：2. 具有扎实的经济、金融、投资等领域的相关知识；3.有较强的沟通能力和客户服务能力;4.具有较强的团队合作精神。
客户专员,太平人寿保险有限公司广东电话销售中心,300-499人,广东省东莞市莞城街道办事处,大学专科,无工作经验要求,6000-7000元/月,185****1306,东莞市莞城街道汇峰中心F区十楼,全职,熟练掌握常用办公软件，具备基本的网络知识；具备一定的售后服务经验，熟悉产品的使用方法和维护方法；具备良好的语言能力和思维能力，善于倾听客户需求
移动装维员,海纳实业控股集团有限公司东莞分公司,1000-9999人,广东省东莞市莞城街道办事处,大学专科,无工作经验要求,6000-12000元/月,136****4244,东莞市莞城区兴塘社区八达路欧斯卡国际酒店（中环大厦）写字楼3楼303号,全职,负责中国移动网格内家庭宽带、5G放号、终端等销售工作等
网络装维员,海纳实业控股集团有限公司东莞分公司,1000-9999人,广东省东莞市莞城街道办事处,大学专科,无工作经验要求,6000-12000元/月,136****4244,东莞市莞城区兴塘社区八达路欧斯卡国际酒店（中环大厦）写字楼3楼303号,全职,负责宽带网络的安装及日常维护工作，负责社区通信缆线故障排查，线路优化扩容；针对用户提出的网络使用问题给出处理建议，做好相关的服务
市场策划,广东溢星空研学教育文化发展有限公司,50-99人,广东省东莞市莞城街道办事处,大学专科,1年以下,4000-9000元/月,159****4647,东莞市莞城街道市桥西正路3号138室,全职,1、负责跟踪、研究与公司相关的宏观环境动态、行业状况、需求变化及市场竞争格局，收集市场信息并进行分析调研。2、撰写品牌策略、推广传播方案及大型活动策划方案。3、根据公司推广计划开展户外地推活动和宣传工作，广泛宣传和推广公司课程。
课程顾问（销售）,广东溢星空研学教育文化发展有限公司,50-99人,广东省东莞市莞城街道办事处,大学专科,1年以下,5000-8000元/月,159****4647,东莞市莞城街道市桥西正路3号138室,全职,"1、电话预约公开体验课程，保持与现有学员的良好沟通与联系，家长群维护管理及跟进服务，追踪维护好家长的问题反馈及需求;2、整理学生上课档案；3、管理家长微信群，及时回复到家长的微信，4、持续跟进公司潜在客户,提供优质的服务理念。"
科学老师,广东溢星空研学教育文化发展有限公司,50-99人,广东省东莞市莞城街道办事处,大学本科,1年以下,6000-12000元/月,159****4647,东莞市莞城街道市桥西正路3号138室,全职,师范相关专业，持有教师资格证和有海外留学经验者优先
店长,东莞学王书房文化投资有限公司,,广东省东莞市莞城街道办事处,大学本科,1-3年,7000-15000元/月,,东莞莞城街道东正路30号,全职,1.本科学历，有2年以上教育培训机构综合管理经验者优先。2. 具备责任感与使命感，目标意识强，结果导向。3. 具备良好的沟通能力和团队合作精神，能够有效处理各种日常工作中遇到的各种问题和压力。4. 具备较高的管理和领导力，善于挖掘人才、培养人才，调动员工工作积极性和创意，从而提高门店的服务质量和整体口碑。
初高中文科/理科老师,东莞学王书房文化投资有限公司,,广东省东莞市莞城街道办事处,大学本科,1-3年,6000-10000元/月,,东莞莞城街道东正路30号,全职,本科以上学历，有1-3年初高中学校教育或培训机构学科教学经验（应届生有合适的也可放宽经验要求）。有初高中理科教学经验者优先
餐厅服务员,东莞金拱门食品有限公司,1000-9999人,广东省东莞市莞城街道办事处,中等专科,无工作经验要求,3000-4000元/月,136****8772,东莞各镇街门店,全职,有志于服务行业，能吃苦，具有良好的顾客服务意识，能适应早晚轮班工作及快节奏的工作方式
阿里巴巴网商银行客服,广东朝阳全网通科技有限公司,1000-9999人,广东省东莞市莞城街道办事处,大学专科,无工作经验要求,6000-8000元/月,135****2397,东莞市莞城区旗峰路168号金峰堡二楼整层,全职,岗位内容：1、开展阿里金融快速贷以及信用贷，帮助客户解决资金贷款问题。2、客户资源由公司统一下发，无需自己寻找客户。3、向客户介绍阿里金融贷款业务（快速贷，信用贷），锁定目标客户，为企业客户解决资金贷款问题。
阿里巴巴续费客服,广东朝阳全网通科技有限公司,1000-9999人,广东省东莞市莞城街道办事处,大学专科,无工作经验要求,8000-15000元/月,135****2397,东莞市莞城区旗峰路168号金峰堡二楼整层,全职,岗位内容：负责阿里巴巴诚信通老客户回访，跟进服务与到期会员续费工作;具备敏锐的揣摩客户心理能力，善于发现客户需求，并能及时打消客户心理顾虑的能力;具备基本一定社会阅历和交际能力，做事有计划，执行力强。
阿里巴巴大客户代表,广东朝阳全网通科技有限公司,1000-9999人,广东省东莞市莞城街道办事处,大学专科,无工作经验要求,8000-20000元/月,135****2397,东莞市莞城区旗峰路168号金峰堡二楼整层,全职,岗位内容：1、通过上门、电话、会销的方式向东莞区域中小企业提供阿里巴巴本地化服务，包括阿里巴巴中文站产品、增值服务类产品及服务包；2、在团队经理的帮助和指导下，完成业务指标及岗位工作要求（客户开拓、客户拜访）；3、挖掘客户营销需求，解决客户异议，提供专业电商解决方案。
增值客服专员,广东朝阳企讯通科技有限公司,,广东省东莞市莞城街道办事处,大学专科,无工作经验要求,4000-8000元/月,136****8002,东莞市莞城区旗峰路168号金峰堡二楼整层,全职,1.通过电话、企业微信等与已合作客户进行有效沟通，提供售后服务；2.维护老客户的业务，挖掘客户的最大潜力，进行增值业务推荐及续约；3.定期与合作客户进行沟通，建立良好的长期合作关系。
网络营销顾问,广东朝阳企讯通科技有限公司,,广东省东莞市莞城街道办事处,大学专科,无工作经验要求,6000-12000元/月,136****8002,东莞市莞城区旗峰路168号金峰堡二楼整层,全职,1. 根据公司提供的客户资源，通过电话或微信联系客户了解客户需求，跟客户介绍公司产品信息；2. 针对意向客户进行邀约，做好客户关系维护与跟进工作；3. 商务洽谈（外勤为团队协作方式）。
车间班长,福寿汽车零部件（东莞）有限公司,100-299人,广东省东莞市莞城街道办事处,初中,无工作经验要求,7000-8000元/月,188****5181,东莞市东部工业园莞城园区江南大道东,全职,能吃苦耐劳，适应两班倒
汽车测量员,福寿汽车零部件（东莞）有限公司,100-299人,广东省东莞市莞城街道办事处,初中,无工作经验要求,6000-7500元/月,188****5181,东莞市东部工业园莞城园区江南大道东,全职,能吃苦耐劳，适应两班倒
汽车技术工,福寿汽车零部件（东莞）有限公司,100-299人,广东省东莞市莞城街道办事处,初中,无工作经验要求,6000-7500元/月,188****5181,东莞市东部工业园莞城园区江南大道东,全职,能吃苦耐劳，适应两班倒
零部件普工,福寿汽车零部件（东莞）有限公司,100-299人,广东省东莞市莞城街道办事处,初中,无工作经验要求,5000-6000元/月,188****5181,东莞市东部工业园莞城园区江南大道东,全职,能吃苦耐劳，适应两班倒
品质管理员,东莞市立德达光电科技有限公司,500-999人,广东省东莞市莞城街道办事处,中等专科,无工作经验要求,5000-8000元/月,137****3137,东莞市莞龙路段狮龙路77号莞城科技园,全职,认真做好巡检、首件确认工作，并做好数据记录；根据作业指导书、检验标准、厂标、国标、行业标准和客户要求进行检验
生产操作员,东莞市立德达光电科技有限公司,500-999人,广东省东莞市莞城街道办事处,中等专科,无工作经验要求,5000-8000元/月,137****3137,东莞市莞龙路段狮龙路77号莞城科技园,全职,根据生产领班的安排操作机台；根据生产任务安排表，达成相应的生产任务等
业务经理,广东玉兰集团股份有限公司,,广东省东莞市莞城街道办事处,大学专科,1年以下,6000-10000元/月,,东莞市莞龙路段狮龙路77号莞城科技园,全职,"1、根据销售目标，落实销售计划，实现年度销售任务；
2、负责工程项目的开发、管理等。
3、负责经销商的维护及开发管理
4、收集市场信息"
ERP专员兼网管,东莞派克密封件有限公司,500-999人,广东省东莞市莞城街道办事处,大学专科,1-3年,8000-13000元/月,076****6411,东莞市莞龙路段狮龙路77号莞城科技园,全职,大专或以上学历，有三年或以上ERP实施项目工作经验，熟练工厂门禁和监控设备系统的安装和维护，精通邮件服务器相关设置和维护，熟悉防火墙和杀毒软件等应用程序。（此岗位试用期在东莞，转正后公司有规划去越南驻厂出差两年2年做新项目）。包吃住，享五险一金
外观经验,东莞派克密封件有限公司,500-999人,广东省东莞市莞城街道办事处,无学历要求,无工作经验要求,4200-5000元/月,076****6411,东莞市莞龙路段狮龙路77号莞城科技园,全职,生熟手均可，有良好的沟通能力和表达能力
品管员/QC,东莞派克密封件有限公司,500-999人,广东省东莞市莞城街道办事处,初中,无工作经验要求,4800-6200元/月,076****6411,东莞市莞龙路段狮龙路77号莞城科技园,全职,生熟手均可，有良好的沟通能力和表达能力
班长,东莞派克密封件有限公司,500-999人,广东省东莞市莞城街道办事处,无学历要求,无工作经验要求,5000-6200元/月,076****6411,东莞市莞龙路段狮龙路77号莞城科技园,全职,初中或以上学历，两年以上生产，一线管理工作经验，能独立管理团队；对生产线流程熟悉，自身抗压力强。
销售管培生,维布络安舍（广东）日用品有限公司,,广东省东莞市莞城街道办事处,大学专科,无工作经验要求,4000-6000元/月,076****6111,东莞市莞龙路段狮龙路77号莞城科技园,全职,1.大专及以上应届生，2026届市场营销、英语专业优先；2.具备较强的沟通协调力、团队管理能力、计划执行力，抗压能力强。工作地点：广州/东莞。
市场管培生,维布络安舍（广东）日用品有限公司,,广东省东莞市莞城街道办事处,大学专科,无工作经验要求,5000-7000元/月,076****6111,东莞市莞龙路段狮龙路77号莞城科技园,全职,1.市场营销或英语专业；2.了解新媒体平台，有相关平台运营实习或推广文章发布经验优先；3.对快消行业市场工作有初步了解，并意向往此发展
配料工,维布络安舍（广东）日用品有限公司,,广东省东莞市莞城街道办事处,无学历要求,无工作经验要求,5000-6500元/月,076****6111,东莞市莞龙路段狮龙路77号莞城科技园,全职,1.能够准确测量和记录数据。2.能够遵守相关操作规程。3.具备团队合作精神，能够在多任务环境中有效沟通协作。4.能够适应轮班制度，包括夜班和周末工作。5.不限工作经验，公司将提供必要的培训和支持。
洗衣粉投料工,维布络安舍（广东）日用品有限公司,,广东省东莞市莞城街道办事处,无学历要求,无工作经验要求,4000-5500元/月,076****6111,东莞市莞龙路段狮龙路77号莞城科技园,全职,1.能够适应工厂的工作环境。2.具备良好的团队协作精神和沟通能力。3. 工作认真负责，具备一定的观察力和判断力。4.有相关工作经验者优先考虑，但本岗位不限制工作经验，愿意学习者亦可申请。
灌装机操作员,维布络安舍（广东）日用品有限公司,,广东省东莞市莞城街道办事处,无学历要求,1年以下,4000-5500元/月,076****6111,东莞市莞龙路段狮龙路77号莞城科技园,全职,"工作职责
1.准确及时按计划完成任务，遵守劳动纪律；
2.做好产品重量等相关质量记录；
3.保持有效地工作效率，按照标准作业；
4.严格遵守车间卫生要求，做好区域内的卫生工作；
5.遵守安全规章制度，严格执行安全操作规程；
6.每天检查使用设备的安全状况，保证设备安全生产；
7.有问题及时向上级报告。
工作权限
1.对生产过程中出现的质量问题、安全事故及设备隐患及时呈报上级处理；
2.对区域内产品质量负责。

"
叉车工,维布络安舍（广东）日用品有限公司,,广东省东莞市莞城街道办事处,无学历要求,1-3年,5000-6500元/月,076****6111,东莞市莞龙路段狮龙路77号莞城科技园,全职,"岗位职责：1.操作叉车将产线产品转移到新仓库并上架（入库）；
2.操作叉车移库；
3.操作PDA进行系统仓位转移；
4.根据拣货单进行备货；
5.出货核对检验；
任职要求：
1.持有效叉车证并有1年以上操作叉车经验(熟练工)；
2.有仓库工作经验并略懂电脑操作，比如打字，表格制作
"
非标自动化机械工程师,港捷实业(东莞）有限公司,300-499人,广东省东莞市莞城街道办事处,大学专科,1-3年,13000-16000元/月,137****2815,东莞市莞城街道狮龙路77号12号楼2单元,全职,有相关经验即可
装配车间工人,港捷实业(东莞）有限公司,300-499人,广东省东莞市莞城街道办事处,无学历要求,无工作经验要求,4700-7000元/月,137****2815,东莞市莞城街道狮龙路77号12号楼2单元,全职,能吃苦耐劳
产品工程师.,广州中新延锋彼欧汽车外饰系统有限公司,100-299人,广东省广州市番禺区,大学本科,无工作经验要求,15-25万元/年,181****2490,广州市番禺区石楼镇金轩三路691号101房,全职,"（有华望客户对接经验优先考虑）1.主导新业务项目前期工程报价，消化产品图纸、数据及实样，编制产品报价BOM、工艺流程、工装设备模具清单等资料；
2.承担项目前期产品结构设计的制造工艺可行性分析，输出评审及可行性报告，并根据评审结果跟踪产品数据的优化改进；
3.组织原材料、油漆、模/检具、工装设备等各阶段技术可行性评审及认可，签订技术协议，并跟踪设备、工装模具的制造 过程，会同有相关部门参与完成模/检具、工装设备等验收和安装调试；
4.组织新产品试制、工艺调试和工艺验证、各阶段工程评审，实施和跟踪工程更改，按客户的认可流程进行产品认可，支 持内部工厂投产准备，并主导编制批产前的相关技术文件，QAD代码申请、新产品试制时的物料申请等；
5.经验教训总结和专项工艺技术总结分享；
6.支持新项目SOP后6个月内的工程问题解决；"
信息通信业务员,江门帅科传媒科技有限公司,49人及以下,广东省江门市蓬江区,大学专科,无工作经验要求,4000-10000元/月,135****4949,群华路37号5栋301室,全职,娱乐主播，形象佳，说话风趣或者亲和，愿意展现自己，若形体不好才艺出色也可，只要你有才艺爱好直播，其他都不是事儿，能聊天能互动，调动大家情绪，有独立的表现能力。
中式烹调师,广州市云海国际货运代理有限公司,49人及以下,广东省广州市增城区,无学历要求,无工作经验要求,2500-9000元/月,192****3638,广东省广州市增城区仙村镇,实习,负责中餐，晚餐
抖音穿搭博主,广州市秀场文化传媒有限公司,50-99人,广东省广州市白云区,无学历要求,无工作经验要求,5000-8000元/月,150****9143,广州市白云区永平街丛云路982号金癸商务大厦3a88,全职,"岗位职责:
1.参与短视频的拍摄工作，展现出色的形象和风格。
2.与团队合作，完成短视频拍摄任务。
3.根据项目需求，进行适当的表情和动作表现。
4.保持良好的职业形象，遵守拍摄现场的规章制度。

任职要求：
1.具备良好的审美和时尚感，能够驾驭多种拍摄风格。
2.性格开朗，善于沟通，喜欢与人互动。
3.有较强的时间观念，能够准时完成拍摄任务。
4.对短视频拍摄有一定的了解，能够快速适应拍摄环境。"
dj主播边学边赚,广州市秀场文化传媒有限公司,50-99人,广东省广州市白云区,无学历要求,无工作经验要求,6000-10000元/月,150****9143,广州市白云区永平街丛云路982号金癸商务大厦3a88,全职,"岗位介绍：
1.负责每天的直播内容输出，接受小白，公司免费培训。
2.无任何费用，也不涉及任何违约金，有保底工资。
3.广州第一家垂直类主播赛道，人性化管理，普通人也有发展机会。
4.标准颜值即可，善于表现和与人沟通尤佳，对发展空间和收入目标有一定的追求，努力上进。

全职·兼职
薪资待遇
自由选择班次,一天直播6小时
有无经验均可,有专业运营为您量身进行直播策划一对一指导具有专业的才艺培训老师
公司一切以主播艺人为中心,精心辅助您成为平台优秀的主播网红达人普通颜值均可,美颜、灯光、化妆三重加持。
热爱自媒体事业,工作态度积极主动,具备良好的敬业精神和职业操守。
保底5000-10000
欢迎有能力、有梦想的主播艺人加入我们，实现自我价值和梦想"
管培生,汕头保税区松田电子科技有限公司,500-999人,广东省汕头市濠江区,大学专科,1年以下,4500-5500元/月,,汕头保税区松田科技园东园、西园,全职,"1.熟悉电脑办公软件操作；
2.有进取心和责任心，工作认真负责和细心，有一定的抗压能力；
3.思维敏捷，有良好的数据分析能力。"
销售文员,广东英冠薄膜科技有限公司,50-99人,广东省佛山市顺德区,无学历要求,无工作经验要求,4500-5000元/月,139****0381,佛山市顺德区大良街道办事处五沙社区居民委员会新辉路2号之一,全职,"岗位职责：下单至生产，跟进至约车出货，整理、汇总销售数据、档案资料；
岗位要求：有跟单经验优先。"
生产班长,广东英冠薄膜科技有限公司,50-99人,广东省佛山市顺德区,无学历要求,3-5年,6000-15000元/月,139****0381,大良街道五沙工业园新辉路2号,全职,"岗位职责：
1、下达生产任务到各机长，提高(员工）生产效率，并监督完成每天下达生产任务；
2、按产品质量及工艺要求生产，并优化各生产工序，控制（减少）损耗；
3、监督员工按章办事，不能违规操作；
4、维护生产设备、设施，每天做好点检，6S管理；
5、其它领导安排事情。

岗位要求：
熟练操作真空镀铝机、分切机，有3年或以上班长工作经验。"
销售经理,广东英冠薄膜科技有限公司,50-99人,广东省佛山市顺德区,无学历要求,3-5年,6000-15000元/月,139****0381,佛山市顺德区大良街道办事处五沙社区居民委员会新辉路2号之一,全职,"岗位职责：完成销售计划及销售回款任务；负责定期或不定期拜访客户，与客户、同行业间建立良好的合作关系；负责协助处理公司投诉结果，并进行客户满意度调查；完成领导交办的其它事项；
岗位要求：有包装行业经验优先，工资具体面议。"
佛山顺德 新店开业 小象超市驻店外卖配送员-免费提供外卖电动车-免费提供住宿,海耀星途（广州）互联网科技有限公司,49人及以下,广东省佛山市顺德区,无学历要求,无工作经验要求,9000-13000元/月,157****9989,佛山顺德大良,全职,"超市驻店配送员岗位-免费提供外卖电动车-免费提供宿舍
1.只送一个门店的订单，取货只在一个地方2.配送的都是小件生活用品，都是打包好的，直接拿走不用等单
3.全是顺路单，配送范围小，两公里内的社区骑手
4.多劳多得，每天轻松80-120单
5.薪资福利待遇
日收入400-500周收入2500+
月收入工资9000-13000(上不封顶)综合补贴:底薪+全
勤奖+高温补+话补+大额远程补贴+冲单奖等(800-1500元)每单配送费5元-8元单，日收入400元以上
6.门店提供电动车(换电方便，无限续航，无任何抵押-无任何租金)
7.提供住宿(4人间，干净卫生，洗澡空调洗衣机俱
全 工作地址广州所有区域均有站点，可以就近安排。
其他福利
1，当天直接安排住宿、安排上岗2，没钱可预支工资
3.站长之前也是做骑手的，对人好，上升空间大配送
员，骑手，生鲜配送，水果配送，商超配送蔬菜面
送，固定位置取货配送，上手简单，有老骑手带"
中山西区-小象超市驻店配送员-包住+免费提供外卖电动车,海耀星途（广州）互联网科技有限公司,49人及以下,广东省中山市西区街道办事处,无学历要求,无工作经验要求,9000-13000元/月,157****9989,广东省中山市富华道金嘉创新港1层105卡,全职,"1.只送一个门店的订单，取货只在一个地方。
2.配送的都是小件生活用品，都是打包好的，直接拿走不用等单。
3.全是顺路单，配送范围小，两公里内的社区骑手。
4.多劳多得，每天轻松80-120单
5.薪资福利待遇
日收入400-500周收入2500+
月收入工资9000-13000(上不封顶)综合补贴:底薪+全勤奖+高温补+话补+大额远程补贴+冲单奖等(800-1500元)每单配送费5元-8元单，日收入400元以上
6.门店提供电动车(换电方便，无限续航，无任何抵押)
7.提供住宿(4人间，干净卫生，洗澡空调洗衣机俱
全 工作地址广州-佛山-中山所有区域均有站点门店，上班离家近，可以就近安排。
其他福利
1，当天直接安排住宿、安排上岗2，没钱可预支工资
3.站长之前也是做骑手的，对人好，上升空间大配送员，骑手，生鲜配送，水果配送，商超配送蔬菜面送，固定位置取货配送，上手简单，有老骑手带。"
乳化工,肇庆市凯捷科技有限公司,100-299人,广东省肇庆市高新区,大学专科,1年以下,5000-6500元/月,152****2410,肇庆市大旺高新区文德四街1号之一,全职,"1.按照生产计划完成当天的生产任务。
2.执行公司已认定的制造工艺流程、工艺参
数及产品标准。
3．认真做好各环节工艺执行并做好记录，对
现有生产技术进行必要的研究并提出改进建议。
4.完成领导交办的其它工作。"
化验员,肇庆市凯捷科技有限公司,100-299人,广东省肇庆市高新区,大学专科,1-3年,4500-5500元/月,152****2410,肇庆市大旺高新区文德四街1号之一,全职,"1．每日对所生产的产品分批进行感官、理化、微生物检测；对检测完成后的物品进行清洗及现场的整理。
2．每日汇总各项检测结果，出具检测报告；负责产品检验异常的跟进确认；对需特检的产品进行检验并及时反馈信息，出具检测报告；有异常情况及时上报。
3. 做好原辅料、半产品、成品的留样工作，对留样进行查看、记录、反馈，并定期销毁过保质期样品。
4.负责化验各类记录的归档、储存、标识、销毁。
5. 每月对所用试剂、一起进行盘点、登记，并根据困存量提报申购需求。
6. 对检测所用仪器、设备进行日常维护和保养，建立台账及时报检。
7. 积极完成上级领导安排的工作，同时做好与相关部门的工作协助。"
人事行政助理,汕头保税区松田电子科技有限公司,500-999人,广东省汕头市濠江区,大学专科,1年以下,4000-5500元/月,,汕头保税区松田科技园东园、西园,全职,"1.大专及以上学历；
2.熟练操作各种办公软件；
3.有责任心，具有良好的敬业精神；
4.负责公司人力行政部相关工作
3.有安全生产和环保管理相关工作经验优先；
6.其他上级领导交代的工作任务。"
电子材料工程师,汕头保税区松田电子科技有限公司,500-999人,广东省汕头市濠江区,大学本科,1年以下,8000-13000元/月,,汕头保税区松田科技园东园、西园,全职,"岗位职责：
1、熟悉元器件的相关特性，擅长元器件使用过程中的失效分析；
2、原有材料的性能检验和强度改进；
3、配合团队进行新材料的研发。
岗位要求:
1、本科及以上学历，材料类、化工类、电子类及相关专业；2、熟悉各种元器件的使用以及特性要求；
3、刻苦钻研精神、创新能力强，专业知识扎实。
福利待遇："
业务员,汕头保税区松田电子科技有限公司,500-999人,广东省汕头市濠江区,大学专科,1年以下,5000-15000元/月,,汕头保税区松田科技园东园、西园,全职,"岗位职责与要求：
1、喜欢挑战，有较强目标感和进取心；
2、对营销、业务推广有较强的兴趣，具有较好的沟通表达能力；
3、性格外向，喜欢对外沟通，有吃苦耐劳精神；
4、有较强责任心，有较好的客户服务意识，有较强的抗压能力。
5、可外派到一线、二线城市办事处驻点。"
、电子材料工程师,汕头保税区松田电子科技有限公司,500-999人,广东省汕头市濠江区,大学本科,1年以下,8000-13000元/月,,汕头保税区松田科技园东园、西园,全职,"岗位职责：
1、熟悉元器件的相关特性，擅长元器件使用过程中的失效分析；
2、原有材料的性能检验和强度改进；
3、配合团队进行新材料的研发。
岗位要求:
1、本科及以上学历，材料类、化工类、电子类及相关专业；2、熟悉各种元器件的使用以及特性要求；
3、刻苦钻研精神、创新能力强，专业知识扎实。
福利待遇："
儿童公园环境主管,深圳市中科信城市服务有限公司,49人及以下,广东省惠州市惠城区,大学专科,5-10年,7000-10000元/月,139****1020,金龙大道，海吉星物流园对面,全职,"•学历要求：大专及以上学历，环境工程、园林技术、物业管理（环境方向）等相关专业优先。
•工作经验：2 年及以上大型公园、景区、住宅小区或市政环境管理经验，有儿童场所或健身场馆环境管理经验者优先；具备绿化养护、清洁管理相关专业技能证书者优先。
•专业技能：熟悉环境卫生管理流程与标准，掌握绿化养护、清洁作业、病虫害防治等专业技术；了解环保相关法律法规，能合理选用环保清洁设备与药剂；具备一定的成本控制意识，能优化环境管理成本。
•综合素质：热爱环境管理工作，具有强烈的责任心与环保意识；工作认真细致，能吃苦耐劳，适应户外作业与节假日值班工作；具备良好的团队管理能力与沟通协调能力，能有效带领团队完成环境管理任务。"
儿童公园客服主管,深圳市中科信城市服务有限公司,49人及以下,广东省惠州市惠城区,大学专科,5-10年,7000-10000元/月,139****1020,金龙大道，海吉星物流园对面,全职,"•学历要求：大专及以上学历，行政管理、旅游管理、市场营销、社会工作等相关专业优先。
•工作经验：2 年及以上客服管理经验，有公园、游乐园、景区、大型商场等服务行业客服管理经验者优先；有儿童服务或全民健身相关领域客服经验者更佳。
•专业技能：熟悉客服工作流程与服务标准，具备良好的客户关系管理能力；能熟练使用客服管理系统、办公软件及通讯设备；具备基本的心理学知识，能更好地理解儿童及市民需求。
•综合素质：亲和力强，具有强烈的服务意识与责任心；性格开朗乐观，耐心细致，能承受一定的工作压力；具备良好的应变能力，能妥善处理各类客户投诉与突发服务事件。"
儿童公园安全主管,深圳市中科信城市服务有限公司,49人及以下,广东省惠州市惠城区,大学专科,5-10年,7000-10000元/月,139****1020,金龙大道，海吉星物流园对面,全职,"•学历要求：大专及以上学历，安全管理、治安管理、消防工程等相关专业优先；退伍军人学历可适当放宽。
•工作经验：3 年及以上大型公共场所（如公园、游乐园、商场、景区等）安全管理经验，有儿童场所或健身场馆安全管理经验者优先；持有消防设施操作员证、安全管理人员资格证等相关证书者优先。
•专业技能：熟悉国家及地方关于公共场所安全管理的法律法规、行业标准；掌握消防安全、治安防范、应急救援等专业知识与技能；能熟练使用监控系统、消防设备、通讯设备等安全管理工具。
•综合素质：具备强烈的安全责任意识与风险防范意识，工作认真负责，严谨细致；身体素质良好，反应敏捷，能适应 24 小时应急待命与节假日值班工作；具备良好的团队协作能力与沟通协调能力，能有效协调公安、消防等部门开展工作。"
工程主管,深圳市中科信城市服务有限公司,49人及以下,广东省惠州市惠城区,大学专科,5-10年,7000-10000元/月,139****1020,金龙大道，海吉星物流园对面,全职,"•学历要求：大专及以上学历，机械工程、电气工程、土木工程、设施管理等相关专业。
•工作经验：3 年及以上大型公园、游乐园、健身场馆等场所设施维护与工程管理经验，有儿童游乐设施或全民健身器材维护管理经验者优先；持有相关专业职业资格证书（如电工证、焊工证、特种设备管理员证等）者优先。
•专业技能：熟悉儿童游乐设施、全民健身器材及公园公共设施的维护保养流程与技术标准；具备一定的工程预算编制与成本控制能力；能熟练使用各类设施检测工具与维修设备。
•综合素质：工作严谨细致，责任心强，具备较强的动手能力与应急处理能力；具有良好的团队协作精神，能有效指导与带领工程团队开展工作；能适应户外作业与节假日值班工作。"
儿童公园项目经理,深圳市中科信城市服务有限公司,49人及以下,广东省惠州市惠城区,大学本科,5-10年,10000-15000元/月,139****1020,金龙大道，海吉星物流园对面,全职,"•学历要求：本科及以上学历，工商管理、旅游管理、公园管理等相关专业优先。
•工作经验：5 年及以上大型公园、游乐园或文旅项目运营管理经验，其中至少 2 年以上同岗位管理经验；有儿童主题公园或全民健身场所运营管理经验者优先，熟悉公园开园筹备工作流程者更佳。
•专业技能：熟悉公园运营管理相关法律法规、行业标准及规范；具备较强的数据分析能力，能通过运营数据优化管理策略；熟练使用 Office 办公软件及公园管理相关系统。
•综合素质：具有强烈的责任心与服务意识，热爱儿童事业与全民健身事业；具备较强的抗压能力，能适应公园节假日及开园初期高强度工作节奏；拥有良好的职业素养与道德品质。"
设备储备干部,广东佳成新能源有限公司,500-999人,广东省江门市江海区,大学专科,无工作经验要求,5000-8000元/月,137****1877,江门市江海区金瓯路383号3幢、5幢,全职,"1、大专以上学历，电气自动化或机械制造专业；
2、熟悉机械原理，以及传动设计知识；
3、熟练使用制图软件；
4、具备较强的沟通能力，逻辑思维能力、抗压性好，善于沟通，工作责任心强；"
技术储备干部,广东佳成新能源有限公司,500-999人,广东省江门市江海区,大学本科,无工作经验要求,5000-8000元/月,137****1877,江门市江海区金瓯路383号3幢、5幢,全职,"1、应用化学、电化学、质量管理类等专业；
2、具有吃苦耐劳的精神，有强 烈的上进心；
3、根据前期学习情况，将安排现场、工艺、品质岗。"
厨房杂工,惠州市惠城区翟仔老妈炖品店,49人及以下,广东省惠州市惠城区,无学历要求,无工作经验要求,面议,134****8788,惠州市惠新东街75号对面,全职,有经验优先，讲卫生。电话勿扰，有意者下午3点到店面试
厨师,惠州市惠城区翟仔老妈炖品店,49人及以下,广东省惠州市惠城区,无学历要求,无工作经验要求,面议,134****8788,惠州市惠新东街75号对面,全职,有经验优先，讲卫生。电话勿扰，有意者下午3点到店面试
服务员,惠州市惠城区翟仔老妈炖品店,49人及以下,广东省惠州市惠城区,无学历要求,无工作经验要求,面议,134****8788,惠州市惠新东街75号对面,全职,经验优先，讲卫生.电话勿扰，有意者下午3点到店面试。
中山东区-小象超市驻店配送员-包住+免费提供外卖电动车,海耀星途（广州）互联网科技有限公司,49人及以下,广东省中山市东区街道办事处,无学历要求,无工作经验要求,9000-13000元/月,157****9989,广东省中山市东江路长宝羽毛球俱乐部斜对面,全职,"1.只送一个门店的订单，取货只在一个地方。
2.配送的都是小件生活用品，都是打包好的，直接拿走不用等单。
3.全是顺路单，配送范围小，两公里内的社区骑手。
4.多劳多得，每天轻松80-120单
5.薪资福利待遇
日收入400-500周收入2500+
月收入工资9000-13000(上不封顶)综合补贴:底薪+全勤奖+高温补+话补+大额远程补贴+冲单奖等(800-1500元)每单配送费5元-8元单，日收入400元以上
6.门店提供电动车(换电方便，无限续航，无任何抵押)
7.提供住宿(4人间，干净卫生，洗澡空调洗衣机俱
全 工作地址广州-佛山-中山所有区域均有站点门店，上班离家近，可以就近安排。
其他福利
1，当天直接安排住宿、安排上岗2，没钱可预支工资
3.站长之前也是做骑手的，对人好，上升空间大配送员，骑手，生鲜配送，水果配送，商超配送蔬菜面送，固定位置取货配送，上手简单，有老骑手带。"
中山石岐区 小象超市驻店配送员 包住+免费提供外卖电动车,海耀星途（广州）互联网科技有限公司,49人及以下,广东省中山市,无学历要求,无工作经验要求,9000-13000元/月,157****9989,广东省中山市石岐街道悦华街10号,全职,"1.只送一个门店的订单，取货只在一个地方。
2.配送的都是小件生活用品，都是打包好的，直接拿走不用等单。
3.全是顺路单，配送范围小，两公里内的社区骑手。
4.多劳多得，每天轻松80-120单
5.薪资福利待遇
日收入400-500周收入2500+
月收入工资9000-13000(上不封顶)综合补贴:底薪+全勤奖+高温补+话补+大额远程补贴+冲单奖等(800-1500元)每单配送费5元-8元单，日收入400元以上
6.门店提供电动车(换电方便，无限续航，无任何抵押)
7.提供住宿(4人间，干净卫生，洗澡空调洗衣机俱
全。
1，当天直接安排住宿、安排上岗2，没钱可预支工资
3.站长之前也是做骑手的，对人好，上升空间大配送员，骑手，生鲜配送，水果配送，商超配送蔬菜面送，固定位置取货配送，上手简单，有老骑手带。"
佛山顺德-新店开业 小象超市驻店外卖配送员-免费提供外卖电动车-免费提供住宿,海耀星途（广州）互联网科技有限公司,49人及以下,广东省佛山市顺德区,无学历要求,无工作经验要求,9000-13000元/月,157****9989,佛山顺德大良,全职,"超市驻店配送员岗位-免费提供外卖电动车-免费提供宿舍
1.只送一个门店的订单，取货只在一个地方2.配送的都是小件生活用品，都是打包好的，直接拿走不用等单
3.全是顺路单，配送范围小，两公里内的社区骑手
4.多劳多得，每天轻松80-120单
5.薪资福利待遇
日收入400-500周收入2500+
月收入工资9000-13000(上不封顶)综合补贴:底薪+全
勤奖+高温补+话补+大额远程补贴+冲单奖等(800-1500元)每单配送费5元-8元单，日收入400元以上
6.门店提供电动车(换电方便，无限续航，无任何抵押-无任何租金)
7.提供住宿(4人间，干净卫生，洗澡空调洗衣机俱
全 工作地址广州所有区域均有站点，可以就近安排。
其他福利
1，当天直接安排住宿、安排上岗2，没钱可预支工资
3.站长之前也是做骑手的，对人好，上升空间大配送
员，骑手，生鲜配送，水果配送，商超配送蔬菜面
送，固定位置取货配送，上手简单，有老骑手带"
广州天河区 小象超市驻店外卖配送员/免费提供外卖电动车-免费提供住宿,海耀星途（广州）互联网科技有限公司,49人及以下,广东省广州市,无学历要求,无工作经验要求,9000-13000元/月,157****9989,广东省广州市天河区石牌街道石牌东路123号,全职,"超市驻店配送员岗位-免费提供外卖电动车-包住
1.只送一个门店的订单，取货只在一个地方2.配送的都是小件生活用品，都是打包好的，直接拿走不用等单
3.全是顺路单，配送范围小，两公里内的社区骑手
4.多劳多得，每天轻松80-120单
5.薪资福利待遇
日收入400-500周收入2500+
月收入工资9000-13000(上不封顶)综合补贴:底薪+全
勤奖+高温补+话补+大额远程补贴+冲单奖等(800-1500元)每单配送费5元-8元单，日收入400元以上
6.门店提供电动车(换电方便，无限续航，无任压金)
7.提供住宿(4人间，干净卫生，洗澡空调洗衣机俱
全 工作地址广州所有区域均有站点，可以就近安排。
其他福利
1，当天直接安排住宿、安排上岗2，没钱可预支工资
3.站长之前也是做骑手的，对人好，上升空间大配送
员，骑手，生鲜配送，水果配送，商超配送蔬菜面
送，固定位置取货配送，上手简单，有老骑手带"
广州海珠区 小象超市驻店配送员 免费提供外卖电动车 免费提供住宿,海耀星途（广州）互联网科技有限公司,49人及以下,广东省广州市海珠区,无学历要求,无工作经验要求,9000-13000元/月,157****9989,广东省广州市海珠区昌岗街道江南大道南362号,全职,"超市驻店配送员岗位
1.只送一个门店的订单，取货只在一个地方2.配送的都是小件生活用品，都是打包好的，直接拿走不用等单
3.全是顺路单，配送范围小，两公里内的社区骑手
4.多劳多得，每天轻松80-120单
5.薪资福利待遇
日收入400-500周收入2500+
月收入工资9000-13000(上不封顶)综合补贴:底薪+全
勤奖+高温补+话补+大额远程补贴+冲单奖等(800-1500元)每单配送费5元-8元单，日收入400元以上
6.门店提供电动车(换电方便，无限续航，无任勾押)
7.提供住宿(4人间，干净卫生，洗澡空调洗衣机俱
全 工作地址广州所有区域均有站点，可以就近安排。
其他福利
1，当天直接安排住宿、安排上岗2，没钱可预支工资
3.站长之前也是做骑手的，对人好，上升空间大配送
员，骑手，生鲜配送，水果配送，商超配送蔬菜面
送，固定位置取货配送，上手简单，有老骑手带"
广州-荔湾区-小象超市驻店外卖配送员/免费提供外卖电动车-免费提供住宿,海耀星途（广州）互联网科技有限公司,49人及以下,广东省广州市,无学历要求,无工作经验要求,9000-13000元/月,157****9989,广东省广州市荔湾区冲口街道坑口大街125,全职,"超市驻店配送员岗位-免费提供外卖电动车-包住
1.只送一个门店的订单，取货只在一个地方2.配送的都是小件生活用品，都是打包好的，直接拿走不用等单
3.全是顺路单，配送范围小，两公里内的社区骑手
4.多劳多得，每天轻松80-120单
5.薪资福利待遇
日收入400-500周收入2500+
月收入工资9000-13000(上不封顶)综合补贴:底薪+全
勤奖+高温补+话补+大额远程补贴+冲单奖等(800-1500元)每单配送费5元-8元单，日收入400元以上
6.门店提供电动车(换电方便，无限续航，无任压金)
7.提供住宿(4人间，干净卫生，洗澡空调洗衣机俱
全 工作地址广州所有区域均有站点，可以就近安排。
其他福利
1，当天直接安排住宿、安排上岗2，没钱可预支工资
3.站长之前也是做骑手的，对人好，上升空间大配送
员，骑手，生鲜配送，水果配送，商超配送蔬菜面
送，固定位置取货配送，上手简单，有老骑手带"
广州增城区 小象超市驻店外卖配送员 免费提供外卖电动车 免费提供住宿,海耀星途（广州）互联网科技有限公司,49人及以下,广东省广州市,无学历要求,无工作经验要求,9000-13000元/月,157****9989,广东省广州市增城区新塘镇广深大道西115,全职,"超市驻店配送员岗位:零元入职+免费提供外卖电动车+免费提供宿舍
1.只送一个门店的订单，取货只在一个地方2.配送的都是小件生活用品，都是打包好的，直接拿走不用等单
3.全是顺路单，配送范围小，两公里内的社区骑手
4.多劳多得，每天轻松80-120单
5.薪资福利待遇
日收入400-500周收入2500+
月收入工资9000-13000(上不封顶)综合补贴:底薪+全
勤奖+高温补+话补+大额远程补贴+冲单奖等(800-1500元)每单配送费5元-8元单，日收入400元以上
6.门店提供电动车(换电方便，无限续航，无任勾押)
7.提供住宿(4人间，干净卫生，洗澡空调洗衣机俱
全 工作地址广州所有区域均有站点，可以就近安排。
其他福利
1，当天直接安排住宿、安排上岗2，没钱可预支工资
3.站长之前也是做骑手的，对人好，上升空间大配送
员，骑手，生鲜配送，水果配送，商超配送蔬菜面
送，固定位置取货配送，上手简单，有老骑手带"
广州白云区-小象超市驻店配送员 免费提供外卖电动车 免费提供宿舍,海耀星途（广州）互联网科技有限公司,49人及以下,广东省广州市白云区,职业高中,1年以下,9000-13000元/月,157****9989,广东省广州市白云区棠景街道机场路585号,全职,"小象超市驻店配送员-岗位
免费提供外卖电动车-免费提供住宿
1.只送一个门店的订单，取货只在一个地方。
2.配送的都是小件生活用品，都是打包好的，直接拿走配送，不用等单。
3.全是顺路单，配送范围小，两公里内的社区骑手。
4.多劳多得，每天轻松80-120单
5.薪资福利待遇
日收入400-500周收入2500+
月收入工资9000-15000(上不封顶)综合补贴:底薪+全勤奖+高温补+话补+大额远程补贴+冲单奖等(800-1500元)每单配送费5元-8元单，日收入400元以上
6.门店提供电动车(换电方便，无限续航，无任何抵押)
7.提供住宿(4人间，干净卫生，洗澡空调洗衣机俱全 ）
8，当天直接安排住宿、安排上岗。
9，每月发薪两次，可预支工资做生活费。"
外贸业务员,恩平乐升电子科技有限公司,50-99人,广东省江门市恩平市,大学专科,1-3年,面议,138****9819,恩平市外资民资工业区B区B6号-1,全职,"岗位要求
1、形象佳；有责任心强。
2、生熟手均可，能用英语流利交流，有同行业或销售领域 1 年以上经验的熟手优先；应届生 / 无销售经验者若具备较强学习能力与沟通意愿，公司提供系统培训；
3、熟悉使用办公软件、能熟练使用EXCEL的各项功能；
4、性格外向，可承受工作压力，责任心强，沟通能力良好；
5、能独立开发客户，对麦克风产品熟.有一定的电子基础优先。
乐升福利：
上班时间：8:00-11:30,13:30-18:00，周日休息，法定假期放假，公司设有全勤奖
6、底薪+提成，上不封顶
公司环境：全新厂房、办公楼、宿舍楼，另有小车车位，防雨摩托车位。
薪资待遇：基本工资+加班工资+全勤奖+其他补贴。
宿舍环境：冷热空调，太空能热水器，WIFI覆盖，独立阳台、卫生间。
饭堂环境：干净整洁，风扇空调，带锁碗柜，粤式饭菜，老火靓汤。
团建活动：不定期烧烤，爬山，户外拓展等团建活动。
培训学习：入职培训，岗前培训，技能培训，外出学习提升培训，职业生涯规划。"
包装员,恩平乐升电子科技有限公司,50-99人,广东省江门市恩平市,初中,1年以下,2700-4000元/月,138****9819,恩平市外资民资工业区B区B6号-1,全职,"岗位要求：
1，身体健康，能吃苦，服从工作安排
2，不频繁请假，能接受加班的。
乐升福利：
上班时间：8:00-11:30,13:30-18:00，加班：18:30-21:30（看实际情况），月休2-4日。
公司环境：全新厂房、办公楼、宿舍楼，另有小车车位，防雨摩托车位。
薪资待遇：基本工资+加班工资+全勤奖+其他补贴。
宿舍环境：冷热空调，太空能热水器，WIFI覆盖，独立阳台、卫生间。
饭堂环境：干净整洁，风扇空调，带锁碗柜，粤式饭菜，老火靓汤。
团建活动：不定期烧烤，爬山，户外拓展等团建活动。
培训学习：入职培训，岗前培训，技能培训，外出学习提升培训，职业生涯规划。"
麦克风试音员,恩平乐升电子科技有限公司,50-99人,广东省江门市恩平市,中等专科,1-3年,3500-5000元/月,138****9819,恩平市外资民资工业区B区B6号-1,全职,"有试音经验优先，做事认真，能吃苦耐劳，服从工作安排，能够接受加班。
上班时间:08:00_11:30，13:30_18:00
加班视情况而定。
月休4天"
汽车智能制造,广州汽车集团股份有限公司,10000人及以上,广东省广州市,大学本科,无工作经验要求,15-16万元/年,,广州市番禺区石楼镇龙瀛路 36 号,校招,"1.取得汽车、机械、材料、电气、化工专业毕业的本科、硕士毕业证/学位证。
2.思想积极向上，热爱新能源事业。
2.学习成绩（绩点或专业排名）优良，本科学历原则上需通过大学英语四级。
3.具有良好的在校表现和社会实践经历，具有良好的沟通能力和团队协作精神。"
线束工程师（驻厂）,惠州市住广汽车电装有限公司,,广东省广州市番禺区,大学本科,无工作经验要求,7000-8000元/月,188****3287,广东省广州市番禺区化龙镇金山大道东668号（广汽研究院）,全职,"工作职责：
1、根据主机厂及研究院图纸完成汽车线束技术工艺开发、材料选型，制作出相应的工艺图纸并指导生产。
2、配合主机厂及研究院完成新车型汽车线束同步开发及试装；
3、负责线束相关实验验证技术要求，DV试验跟踪验证；
4、负责线束项目PFMEA、产品特殊特性等APQP相关文档编写；
5、负责新车型项目材料BOM的整理，新物料供应商开发及新物料试制问题点跟进解决。新车型设变物料的维护和管理。
5、完成领导交办的其他任务。"
成形工艺工程师,广州斯坦雷电气有限公司,,广东省广州市黄埔区,大学本科,无工作经验要求,10-15万元/年,159****0008,广州市黄埔区永和经济技术开发区沧海三路10号,全职,"1、成型相关技术管理、设备管理；
2、对工厂生产物流和布局的大局把握能力；
3、熟悉ISO﹨IATF16949、OHSAS18001体系运作，生产管理、品质管理手法"
2026届大学生,广州斯坦雷电气有限公司,,广东省广州市黄埔区,大学本科,无工作经验要求,8-12万元/年,159****0008,广州市黄埔区永和经济技术开发区沧海三路10号,校招,"1.了解生产工艺、产品特性，熟练掌握生产作业流程；
2.清晰职业规划方向，提高未来岗位工作的适应能力。"
2025届大学生,广州斯坦雷电气有限公司,,广东省广州市黄埔区,大学本科,无工作经验要求,8-12万元/年,159****0008,广州市黄埔区永和经济技术开发区沧海三路10号,校招,"1.了解生产工艺、产品特性，熟练掌握生产作业流程，专注于研究CATIA操作技能，努力提升3D建模速度和效率；
2.清晰职业规划方向，提高未来岗位工作的适应能力。"
产品设计高级担当,广州斯坦雷电气有限公司,,广东省广州市黄埔区,大学本科,无工作经验要求,18-32万元/年,159****0008,广州市开发区科学城瑞和路39号G1座4F,全职,"1、协同社内相关技术部门，基于目标成本构建整体设计方案，配合客户共同开发；
2、指导团队推进设计业务，确认设计数据的进度及正确；
3、完成开发流程各节点的评审；
4、跟踪产品熟成、保证设计品质。"
电子供应商管理担当,广州斯坦雷电气有限公司,,广东省广州市黄埔区,大学本科,无工作经验要求,10-20万元/年,159****0008,广州市黄埔区永和经济技术开发区沧海三路10号,全职,"1、把控电子类关键零件供应商的品质管理；
2、提升对电子类关键零件供应商的品质改善指导及来料品质管控能力；
3、对电子部品导入前标准确认及异常对应；"
模具保全/NC担当,广州斯坦雷电气有限公司,,广东省广州市黄埔区,大学专科,无工作经验要求,8-14万元/年,159****0008,广州市黄埔区永和经济技术开发区沧海三路10号,全职,"1、负责模具的日常维护、异常维修；
2、执行模具保养，填写模具履历及点检表；
3、维护现场5S管理，确保工具设备保养到位；
4、配合生产需求快速响应模具故障，减少停机时间。"
模具结构设计工程师,广州斯坦雷电气有限公司,,广东省广州市黄埔区,大学本科,无工作经验要求,10-15万元/年,159****0008,广州市黄埔区永和经济技术开发区沧海三路10号,全职,"1、负责双色注塑模具及光学部品类模具的设计开发，包括3D结构设计、2D出图及发注资料作成及模具制造跟进；
2、负责产品DR、模具报价，日程管理，模具设变改修等；
3、模具熟成跟进，分析模具问题并提出优化方案；
4、完善模具设计标准，优化设计模版，指导设计新人。"
设备维修技术员,广州斯坦雷电气有限公司,,广东省广州市黄埔区,大学专科,无工作经验要求,8-14万元/年,159****0008,广州市黄埔区永和经济技术开发区沧海三路10号,全职,"1、负责生产线突发故障的维修处理，保障设备正常运行；
2、负责生产线设备的点检、保养、验证工作；
3、负责生产线设备年度保养计划、预防性保养计划的制定、实施、及验证工作；
4、生产线设备故障的分析、对策、实施、验证工作；
5、负责生产线设备的不良改善、技术改造等工作。"
组装工艺工程师,广州斯坦雷电气有限公司,,广东省广州市黄埔区,大学本科,无工作经验要求,10-15万元/年,159****0008,广州市黄埔区永和经济技术开发区沧海三路10号,全职,"1、新品竞合阶段的工时成本、工装成本预估，工艺可行性分析；
2、与设计、模具部门一起对车灯新产品设计图纸方案评审，确保工艺可行，具备量产性；
3、前期工艺资料的准备：P-FMEA、自动化设备和工装式样设计、车间布局规划等；
4、自动化设备、工装的设计制作方案评审、制作日程管理、调试熟成；
5、车灯新品从首次交样到量产爬坡全流程的设备治具、工艺方面的课题跟进和工艺文件准备；
6、编制设备操作规范、技术文档，并对操作、维保人员进行培训；
7、新规设备、工装维护保养标准的建立，量产后移交设备维保部门；"
自动化、数字化工程师,广州斯坦雷电气有限公司,,广东省广州市黄埔区,大学本科,无工作经验要求,10-15万元/年,159****0008,广州市黄埔区永和经济技术开发区沧海三路10号,全职,"1、负责生产线的自动化设备的规划、设计、调试及优化，提升生产效率和产品一致性；
2、参与自动化改造项目，包括PLC编程、视觉检测系统的集成与维护；
3、解决生产过程中自动化设备的故障问题，制定解决方案，降低停机时间；
4、自动化设备、工装的设计制作方案评审、制作日程管理、调试熟成；
5、负责数字化追溯要求的实现，组织相关方案评审，数字化程序部署及调试；
6、负责设备上位机系统、生产线追溯系统的导入；
7、编制设备操作规范、技术文档，并对操作人员进行培训；
8、跟踪行业先进技术，推动智能化升级；"
IT担当,广州斯坦雷电气有限公司,,广东省广州市黄埔区,大学本科,无工作经验要求,10-15万元/年,159****0008,广州市黄埔区永和经济技术开发区沧海三路10号,全职,"1.系统实施与运维：主导 MES、WMS、OA的部署与运维，确保与 APS、QMS、PLM系统的数据实时同步；
2.需求分析与流程优化：对接业务部门需求，设计系统解决方案，优化生产、仓储、办公流程，实现业务流程数字化管理。
3.系统集成与开发：将MES/WMS的生产、仓储数据沉淀至数据中台，生成定制化报表。配合网络服务器团队保障系统高可用性，设计容灾备份方案。
4.用户培训与支持：编写操作手册，组织系统培训，提供终端用户技术支持，提升系统应用效率。"
麦克风维修员,恩平乐升电子科技有限公司,50-99人,广东省江门市恩平市,中等专科,1-3年,面议,138****9819,恩平市外资民资工业区B区B6号-1,全职,"1.具备1-3年相关麦克风维修经验，熟悉各类麦克风原理麦
2.根据产线送达不良品维修，维修后的不良品需按要求做好标识，产线送达维修产品几时维修完成，以便产线及时出货。所有不良品需记录在表。
3.维修区域需定期清理物品，整理整顿保持工作区域舒畅整洁。
上级交办的其他工作
上班时间:8:00-11:30 13:30-18:00 加班18:30-20:30加班18:30-20:30（看实际情况）休息时间:每月2-4日，节假日休息。公司提供宿舍，有食堂吃饭3元一餐，每周提供水果。"
仓管员,恩平乐升电子科技有限公司,50-99人,广东省江门市恩平市,中等专科,1-3年,3500-5000元/月,138****9819,恩平市外资民资工业区B区B6号-1,全职,"会基本电脑操作，有经验者优先，能服从工作安排
乐升福利：
上班时间：8:00-11:30,13:30-18:00，加班：18:30-21:30（看实际情况），月休2-4日。
公司环境：全新厂房、办公楼、宿舍楼，另有小车车位，防雨摩托车位。
薪资待遇：基本工资+加班工资+全勤奖+其他补贴。
宿舍环境：冷热空调，太空能热水器，WIFI覆盖，独立阳台、卫生间。
饭堂环境：干净整洁，风扇空调，带锁碗柜，粤式饭菜，老火靓汤。
团建活动：不定期烧烤，爬山，户外拓展等团建活动。
培训学习：入职培训，岗前培训，技能培训，外出学习提升培训，职业生涯规划。"
品质管理岗（市场质量分析/供应商管理/数字化方向）,五羊-本田摩托（广州）有限公司,,广东省广州市增城区,硕士研究生,无工作经验要求,12-18万元/年,020****9566,广东省广州市增城区新塘镇永和新新六路1号,校招,"1.毕业时间为2026年7月；
2.通过CET6、CET4，专业课成绩优秀；
3.具有良好的在校表现和社会实践经历；
4.具备良好的组织协调综合能力、敬业精神和团队合作精神；
5.熟练掌握专业软件技能者优先考虑；"
销售服务岗（电商运营/APP运营/数据分析/渠道销售方向）,五羊-本田摩托（广州）有限公司,,广东省广州市增城区,硕士研究生,无工作经验要求,12-18万元/年,020****9566,广东省广州市增城区新塘镇永和新新六路1号,校招,"1.毕业时间为2026年7月；
2.通过CET6、CET4，专业课成绩优秀；
3.具有良好的在校表现和社会实践经历；
4.具备良好的组织协调综合能力、敬业精神和团队合作精神；
5.熟练掌握专业软件技能者优先考虑；"
技术研发岗（智能开发/数据治理/发动机研究/机械设计方向）,五羊-本田摩托（广州）有限公司,,广东省广州市增城区,硕士研究生,无工作经验要求,12-18万元/年,020****9566,广东省广州市增城区新塘镇永和新新六路1号,校招,"1.毕业时间为2026年7月；
2.通过CET6、CET4，专业课成绩优秀；
3.具有良好的在校表现和社会实践经历；
4.具备良好的组织协调综合能力、敬业精神和团队合作精神；
5.熟练掌握专业软件技能者优先考虑；"
生产制造岗（智能制造/技术企划/工艺开发方向）,五羊-本田摩托（广州）有限公司,,广东省广州市增城区,硕士研究生,无工作经验要求,12-18万元/年,020****9566,广东省广州市增城区新塘镇永和新新六路1号,校招,"1.毕业时间为2026年7月；
2.通过CET6、CET4，专业课成绩优秀；
3.具有良好的在校表现和社会实践经历；
4.具备良好的组织协调综合能力、敬业精神和团队合作精神；
5.熟练掌握专业软件技能者优先考虑；"
项目工程师,广州银轮热交换系统有限公司,,广东省广州市番禺区,大学专科,无工作经验要求,10-10万元/年,189****8412,广东省广州市番禺区石楼镇华实路一巷11号,全职,"1、组织实施新项目启动会； 
2、根据客户的新项目节点日程，编制内部开发日程； 
3、按照新项目内部开发日程，对新项目的各个节点进行监控，及时预警新项目开发日程风险； 
4、负责定期组织新项目生产准备进度会议，监督并跟踪会议决定的各项内容； 
5、组织、协调、解决各个部门在新项目推进过程中的难点； 
6、协调新项目销售订单所需物料日程，满足客户要求； 
7、组织新项目开发完成后的量产移管工作； 
8、跟进新项目试制样件进度； 
9、统筹管理新项目大日程、各阶段的评审及判断工作等； "
管培生（宜昌）,广州华智汽车部件有限公司,,广东省广州市番禺区,大学本科,无工作经验要求,8-12万元/年,188****1463,"广东省广州市番禺区化龙镇金荷二路30号
湖北省宜昌市猇亭区猇亭大道189号2-4厂房",全职,"岗位方向（产线轮岗后定岗）：
生产、生产技术、质量、物流、设计开发、产品验证、产品规划、财务、采购、人力资源、销售、项目管理等方向
岗位要求：
1、车辆工程、机械设计与制造、工学类、财务、人力资源等管理类 相关专业优先。
2、通过大学英语四级（CET-4）或六级（CET-6）考试者优先。
3、具备良好的沟通表达能力，吃苦耐劳，愿意从生产一线岗位开始历练。"
销售顾问,广州本田汽车第一销售有限公司,,广东省广州市白云区,大学专科,无工作经验要求,10000-15000元/月,135****5598,广州市白云区梅园路66号,全职,"1、完成分配的销售目标，寻找潜在用户，并跟进接触，转化为成交客户；
2、展厅销售业务接待，掌握销售核心流程的全过程；
3、建立销售业务档案；
4、定期回访用户，保持联系
5、完成领导交付的其他工作任务"
售后客服,广州本田汽车第一销售有限公司,,广东省广州市白云区,大学专科,无工作经验要求,6000-8000元/月,135****5598,广州市白云区梅园路66号,全职,"1、电话邀约，提醒客户首保、定期保养，对6个月未回厂及即将出保修期顾客进行招揽；
2、提前提醒客户车辆年检、车辆保险，召回及相关活动并记录负责电话预约的登记和公示。负责预约数据的汇总
3、及时电话跟踪:维修保养交车后3个工作日内对客户进行电话跟踪访问，确认客户对售后服务的满意度， 记录并及时反馈信息给相应部门
4、负责接听服务热线， 记录热线内容"
服务顾问,广州本田汽车第一销售有限公司,,广东省广州市白云区,大学专科,无工作经验要求,10000-15000元/月,135****5598,广州市白云区梅园路66号,全职,"1、接待维修车辆，（车辆检查、问诊、报价、客户信息确认、开单、终检、结算交车，客户跟踪回访等）。
    2、有较丰富的汽车理论、汽车构造知识及维修营销知识。
    3、为客户提供优质服务，具备处理抱怨投诉的相应技巧。"
营销类岗位,广州汽车集团股份有限公司,10000人及以上,广东省广州市番禺区,大学本科,无工作经验要求,15-15万元/年,,广东省广州市番禺区金山大道东路633号,全职,"1.营销类应届人才储备；
2.入职后需在销售领域前、中、后台相关领域轮岗"
物流部叉车司机,广东畅利陶瓷有限公司,300-499人,广东省云浮市,初中,无工作经验要求,4800-7000元/月,134****8457,云浮市郁南县南江口镇杨梅塘工业园,全职,初中以上文化，持证；
数据合规经理.,广汽国际汽车销售服务有限公司,,广东省广州市番禺区,大学本科,无工作经验要求,30-60万元/年,,广州市番禺区东龙大道60号,全职,"1、负责审核公司涉外合同和法律文书，参与重大合同的谈判和起草工作，处理合同履行过程产生的争议，确保公司的合同合法合规、风险控制与经营效率并重；
2、为业务部门提供相应的法律依据和法律意见，支持业务部门涉诉或法律纠纷案件，维护公司合法权益；
3、控制公司重大投资及合作项目的法律风险，提出相关风险预警及对应措施，支撑公司重大经营管理决策；
4、负责公司业务相关海外知识产权的申请和维护，包括品牌、商标、专利、商业秘密等，预防侵权纠纷；
5、负责海外区域中心法律支持，包括但不限于制度、重大合同及法律纠纷应对方案，指导区域中心及子公司落实总部法律合规、内控、风控相关要求；
7、跨境业务风险管控，研究目标市场国家/地区的法律法规（如贸易法、消费者保护法、反垄断法、数据隐私法等），提供法律风险预警及应对方案。
8、完成公司和上级领导安排的其他任务。"
巴西外派财务经理.,广汽国际汽车销售服务有限公司,,广东省广州市番禺区,大学本科,无工作经验要求,40-70万元/年,,广州市番禺区东龙大道60号,全职,"1、全面负责合资公司财务管理工作和财务体系建设，向CEO及中方股东汇报；
2、负责各项财务制度和财务内部控制制度的建设执行，确保财务工作现地合规合法；
3、负责海外年度预算、预算执行情况分析、财务运营分析，为公司管理层决策提供依据;
4、根据当地税收政策，进行税务筹划，并确保当地税务合规；
5、编制符合当地会计准则的财务报告，确保财务报告的及时、准确、完整；
6、按中国股东要求方需求，定期提供转化为中国会计准则的各类财务报表及管理报表。
7、负责海外财务团队管理和建设
8、领导交办的其他工作。"
墨西哥外派财务经理.,广汽国际汽车销售服务有限公司,,广东省广州市番禺区,大学本科,无工作经验要求,40-70万元/年,,广州市番禺区东龙大道60号,全职,"1、全面负责合资公司财务管理工作和财务体系建设，向CEO及中方股东汇报；
2、负责各项财务制度和财务内部控制制度的建设执行，确保财务工作现地合规合法；
3、负责海外年度预算、预算执行情况分析、财务运营分析，为公司管理层决策提供依据;
4、根据当地税收政策，进行税务筹划，并确保当地税务合规；
5、编制符合当地会计准则的财务报告，确保财务报告的及时、准确、完整；
6、按中国股东要求方需求，定期提供转化为中国会计准则的各类财务报表及管理报表。
7、负责海外财务团队管理和建设
8、领导交办的其他工作。"
俄罗斯外派财务经理.,广汽国际汽车销售服务有限公司,,广东省广州市番禺区,大学本科,无工作经验要求,40-70万元/年,,广州市番禺区东龙大道60号,全职,"1、协助总经理，全面负责俄罗斯财务管理、财务核算、资金管理及财务信息系统建设；
2、负责各项财务制度和财务内部控制制度的建设执行，确保财务工作合规合法；
3、根据中国会计准则和当地会计准则，编制符合当地法规和集团公司要求的财务报告，确保财务报告及时、准确、完整；
4、负责海外年度预算、预算执行情况分析、报表编制审核、财务运营分析，为公司管理层决策提供依据；
5、根据当地税收政策，进行税务畴划，并负责与当地事务所沟通协调工作；
6、按总部要求定期提供各类财务报表及管理报表，财务分析扱告等；
7、负责海外财务团队管理和建设；
8、完成公司和上级领导安排的其他任务。"
黄金集团销售岗,广东广晟有色金属集团有限公司,1000-9999人,广东省广州市天河区,大学本科,1-3年,面议,,广州市天河区林和西路157号3201房-3210房,全职,"1.根据公司年度销售计划，制定并执行销售策略，确保完成销售任务。
2.开拓新客户，维护现有客户，提升市场占有率。
3.分析市场动态，识别潜在机会，调整销售策略。
4.建立并维护客户关系，定期拜访，了解需求，提供解决方案。
5.处理客户反馈，确保客户满意度。
6.负责合同谈判、签订及执行，确保条款符合公司利益。
7.跟踪合同履行情况，及时解决执行中的问题。
8.收集市场信息，分析销售数据，撰写报告，为决策提供依据。
9.与内部部门（如市场、财务、物流）协作，确保销售流程顺畅。
10.参与销售团队建设，提供培训和支持。
11.完成上级交办的其他任务。"
文学、艺术学A,华南师范大学,1000-9999人,广东省广州市天河区,博士研究生,无工作经验要求,42-72万元/年,,广州市中山大道西384号华南师范大学教育科学学院/特殊教育学院,全职,"已取得原创性科研成果并获同行专家认可，具备冲击国家人才的潜力。
具体面议可给予事业编制，提供优渥的年薪、房补、科研启动经费，解决孩子教育。"
管理学A,华南师范大学,1000-9999人,广东省广州市天河区,博士研究生,无工作经验要求,42-72万元/年,,广州市中山大道西384号华南师范大学教育科学学院/特殊教育学院,全职,"已取得原创性科研成果并获同行专家认可，具备冲击国家人才的潜力。
具体面议可给予事业编制，提供优渥的年薪、房补、科研启动经费，解决孩子教育。"
医学A,华南师范大学,1000-9999人,广东省广州市天河区,博士研究生,无工作经验要求,42-72万元/年,,广州市中山大道西384号华南师范大学教育科学学院/特殊教育学院,全职,"已取得原创性科研成果并获同行专家认可，具备冲击国家人才的潜力。
具体面议可给予事业编制，提供优渥的年薪、房补、科研启动经费，解决孩子教育。"
农业科学A,华南师范大学,1000-9999人,广东省广州市天河区,博士研究生,无工作经验要求,42-72万元/年,,广州市中山大道西384号华南师范大学教育科学学院/特殊教育学院,全职,"已取得原创性科研成果并获同行专家认可，具备冲击国家人才的潜力。
具体面议可给予事业编制，提供优渥的年薪、房补、科研启动经费，解决孩子教育。"
地球科学A,华南师范大学,1000-9999人,广东省广州市天河区,博士研究生,无工作经验要求,42-72万元/年,,广州市中山大道西384号华南师范大学教育科学学院/特殊教育学院,全职,"已取得原创性科研成果并获同行专家认可，具备冲击国家人才的潜力。
具体面议可给予事业编制，提供优渥的年薪、房补、科研启动经费，解决孩子教育。"
生物学A,华南师范大学,1000-9999人,广东省广州市天河区,博士研究生,无工作经验要求,42-72万元/年,,广州市中山大道西384号华南师范大学教育科学学院/特殊教育学院,全职,"已取得原创性科研成果并获同行专家认可，具备冲击国家人才的潜力。
具体面议可给予事业编制，提供优渥的年薪、房补、科研启动经费，解决孩子教育。"
化学A,华南师范大学,1000-9999人,广东省广州市天河区,博士研究生,无工作经验要求,42-72万元/年,,广州市中山大道西384号华南师范大学教育科学学院/特殊教育学院,全职,"已取得原创性科研成果并获同行专家认可，具备冲击国家人才的潜力。
具体面议可给予事业编制，提供优渥的年薪、房补、科研启动经费，解决孩子教育。"
物理学A,华南师范大学,1000-9999人,广东省广州市天河区,博士研究生,无工作经验要求,42-72万元/年,,广州市中山大道西384号华南师范大学教育科学学院/特殊教育学院,全职,"已取得原创性科研成果并获同行专家认可，具备冲击国家人才的潜力。
具体面议可给予事业编制，提供优渥的年薪、房补、科研启动经费，解决孩子教育。"
数学A,华南师范大学,1000-9999人,广东省广州市天河区,博士研究生,无工作经验要求,42-72万元/年,,广州市中山大道西384号华南师范大学教育科学学院/特殊教育学院,全职,"已取得原创性科研成果并获同行专家认可，具备冲击国家人才的潜力。
具体面议可给予事业编制，提供优渥的年薪、房补、科研启动经费，解决孩子教育。"
历史学A,华南师范大学,1000-9999人,广东省广州市天河区,博士研究生,无工作经验要求,42-72万元/年,,广州市中山大道西384号华南师范大学教育科学学院/特殊教育学院,全职,"已取得原创性科研成果并获同行专家认可，具备冲击国家人才的潜力。
具体面议可给予事业编制，提供优渥的年薪、房补、科研启动经费，解决孩子教育。"
体育学A,华南师范大学,1000-9999人,广东省广州市天河区,博士研究生,无工作经验要求,42-72万元/年,,广州市中山大道西384号华南师范大学教育科学学院/特殊教育学院,全职,"已取得原创性科研成果并获同行专家认可，具备冲击国家人才的潜力。
具体面议可给予事业编制，提供优渥的年薪、房补、科研启动经费，解决孩子教育。"
心理学A,华南师范大学,1000-9999人,广东省广州市天河区,博士研究生,无工作经验要求,42-72万元/年,,广州市中山大道西384号华南师范大学教育科学学院/特殊教育学院,全职,"已取得原创性科研成果并获同行专家认可，具备冲击国家人才的潜力。
具体面议可给予事业编制，提供优渥的年薪、房补、科研启动经费，解决孩子教育。"
教育学A,华南师范大学,1000-9999人,广东省广州市天河区,博士研究生,无工作经验要求,42-72万元/年,,广州市中山大道西384号华南师范大学教育科学学院/特殊教育学院,全职,"已取得原创性科研成果并获同行专家认可，具备冲击国家人才的潜力。
具体面议可给予事业编制，提供优渥的年薪、房补、科研启动经费，解决孩子教育。"
法学A,华南师范大学,1000-9999人,广东省广州市天河区,博士研究生,无工作经验要求,42-72万元/年,,广州市中山大道西384号华南师范大学教育科学学院/特殊教育学院,全职,"已取得原创性科研成果并获同行专家认可，具备冲击国家人才的潜力。
具体面议可给予事业编制，提供优渥的年薪、房补、科研启动经费，解决孩子教育。"
经济学A,华南师范大学,1000-9999人,广东省广州市天河区,博士研究生,无工作经验要求,42-72万元/年,,广州市中山大道西384号华南师范大学教育科学学院/特殊教育学院,全职,"已取得原创性科研成果并获同行专家认可，具备冲击国家人才的潜力。
具体面议可给予事业编制，提供优渥的年薪、房补、科研启动经费，解决孩子教育。"
哲学A,华南师范大学,1000-9999人,广东省广州市天河区,博士研究生,无工作经验要求,42-72万元/年,,广州市中山大道西384号华南师范大学教育科学学院/特殊教育学院,全职,"已取得原创性科研成果并获同行专家认可，具备冲击国家人才的潜力。
具体面议可给予事业编制，提供优渥的年薪、房补、科研启动经费，解决孩子教育。"
投资专员,中山市联成投资有限公司,49人及以下,广东省中山市小榄镇,大学本科,无工作经验要求,面议,076****2482,中山市小榄镇升平中路10号,全职,协助跟进股权投资项目的投前调研、投后管理、可行性研究等相关工作。
党务岗,中山市华南现代中医药城发展有限公司,49人及以下,广东省中山市南朗街道,大学本科,无工作经验要求,8-15万元/年,156****1436,中山市翠亨新区翠亨大厦B栋12楼,全职,"1.负责公司党组织建设，党.员发展、教育，党费收缴管理工作。
2.负责公司党组织简报、总结、会议纪要等重要材料起草工作，以及相关文档的收集、整理、归档工作。
3.协助开展党建活动，打造党建品牌等工作。协助开展公司工青妇相关工作，协助管理园区党群服务中心。"
招商岗,中山市华南现代中医药城发展有限公司,49人及以下,广东省中山市南朗街道,大学本科,无工作经验要求,8-15万元/年,156****1436,中山市翠亨新区翠亨大厦B栋12楼,全职,"1.协助开展招商引资工作，参与商务洽谈，对项目进行研究分析。
2.负责收集行业信息及各级政府相关产业政策。
3.负责跟进园区入驻企业的咨询服务，整理客户档案。"
造价管理岗,中山市南朗建设发展有限公司,49人及以下,广东省中山市南朗街道,大学本科,无工作经验要求,8-15万元/年,156****1436,中山市翠亨新区翠亨大厦B栋12楼,全职,"1、负责全过程参与项目成本管理，包括预算编制、合同价款管理、动态成本控制等。
2、负责项目前期投资估算及预算编制等。
3、负责项目过程中动态成本监控等。
4、负责审核施工单位提交的竣工结算资料，办理项目竣工结算，配合完成审计工作。"
综合岗,中山西湾农业投资有限公司,49人及以下,广东省中山市南朗街道,大学本科,无工作经验要求,8-15万元/年,156****1436,中山市翠亨新区翠亨大厦B栋12楼,全职,"1.协助完成部门内部日常事务性工作，包括行政及人力资源等管理工作。
2.负责公司党务相关工作。
3.协助完成公司企业文化与宣传等工作。
4.协助完成公司后勤保障与信息化建设工作。"
项目策划与开发专员,中山西湾农业投资有限公司,49人及以下,广东省中山市南朗街道,大学本科,无工作经验要求,8-15万元/年,156****1436,中山市翠亨新区翠亨大厦B栋12楼,全职,"1.协助开展项目策划工作，根据公司战略与投资计划，策划农业产业项目，包括“农文旅”融合项目、特色农业种植养殖项目等。
2.协助开展项目前期工作，编制项目可行性研究报告、实施方案与运营计划，组织项目立项与审批工作。"
人资综合岗,中山市南朗安防技术有限公司,49人及以下,广东省中山市南朗街道,大学本科,无工作经验要求,8-15万元/年,156****1436,中山市翠亨新区翠亨大厦B栋12楼,全职,"1、协助部门负责人处理行政事务，包括文件收发、整理归档、会议纪要撰写等；
2、负责公司日常后勤保障，如办公用品采购、办公环境维护等；
3、负责公司新闻稿件的采写、编辑，做好公司新媒体运营和内容维护，配合完成各类综合材料的撰写；
3、协助开展人员招聘、培训等人事工作。"
产品开发管培生(结构设计),悍高集团股份有限公司,1000-9999人,广东省佛山市顺德区,大学本科,无工作经验要求,10-25万元/年,134****7261,佛山市顺德区杏坛镇顺业东路36号,全职,"1、设计五金产品的内部结构，确保产品功能正常。
2、用CAD画设计图，为产品绘制图纸。
3、跟进产品试产，解决生产过程中的问题。"
IT管培生,悍高集团股份有限公司,1000-9999人,广东省佛山市顺德区,大学本科,无工作经验要求,10-25万元/年,189****0875,佛山市顺德区杏坛镇顺业东路36号,全职,"维护集团OA、ERP等核心系统。
排查系统故障，保障稳定运行。
推广新功能使用,参与功能模块开发,开发实用小工具,用数据说话。"
哲学B,华南师范大学,1000-9999人,广东省广州市,博士研究生,无工作经验要求,37-37万元/年,,广州市天河区中山大道西55号,全职,"具有优秀的教育工作背景并取得原创性科研成果，取得博士学历学位。
聘特聘研究员，两个聘期，首聘期3年；基础年薪37万元起，另提供租房补贴2.4万元/年；学院津贴另算。"
经济学B,华南师范大学,1000-9999人,广东省广州市,博士研究生,无工作经验要求,37-37万元/年,,广州市天河区中山大道西55号,全职,"具有优秀的教育工作背景并取得原创性科研成果，取得博士学历学位。
聘特聘研究员，两个聘期，首聘期3年；基础年薪37万元起，另提供租房补贴2.4万元/年；学院津贴另算。"
法学B,华南师范大学,1000-9999人,广东省广州市,博士研究生,无工作经验要求,37-37万元/年,,广州市天河区中山大道西55号,全职,"具有优秀的教育工作背景并取得原创性科研成果，取得博士学历学位。
聘特聘研究员，两个聘期，首聘期3年；基础年薪37万元起，另提供租房补贴2.4万元/年；学院津贴另算。"
教育学B,华南师范大学,1000-9999人,广东省广州市,博士研究生,无工作经验要求,37-37万元/年,,广州市天河区中山大道西55号,全职,"具有优秀的教育工作背景并取得原创性科研成果，取得博士学历学位。
聘特聘研究员，两个聘期，首聘期3年；基础年薪37万元起，另提供租房补贴2.4万元/年；学院津贴另算。"
心理学B,华南师范大学,1000-9999人,广东省广州市,博士研究生,无工作经验要求,37-37万元/年,,广州市天河区中山大道西55号,全职,"具有优秀的教育工作背景并取得原创性科研成果，取得博士学历学位。
聘特聘研究员，两个聘期，首聘期3年；基础年薪37万元起，另提供租房补贴2.4万元/年；学院津贴另算。"
体育学B,华南师范大学,1000-9999人,广东省广州市,博士研究生,无工作经验要求,37-37万元/年,,广州市天河区中山大道西55号,全职,"具有优秀的教育工作背景并取得原创性科研成果，取得博士学历学位。
聘特聘研究员，两个聘期，首聘期3年；基础年薪37万元起，另提供租房补贴2.4万元/年；学院津贴另算。"
历史学B,华南师范大学,1000-9999人,广东省广州市,博士研究生,无工作经验要求,37-37万元/年,,广州市天河区中山大道西55号,全职,"具有优秀的教育工作背景并取得原创性科研成果，取得博士学历学位。
聘特聘研究员，两个聘期，首聘期3年；基础年薪37万元起，另提供租房补贴2.4万元/年；学院津贴另算。"
数学B,华南师范大学,1000-9999人,广东省广州市,博士研究生,无工作经验要求,37-37万元/年,,广州市天河区中山大道西55号,全职,"具有优秀的教育工作背景并取得原创性科研成果，取得博士学历学位。
聘特聘研究员，两个聘期，首聘期3年；基础年薪37万元起，另提供租房补贴2.4万元/年；学院津贴另算。"
物理学B,华南师范大学,1000-9999人,广东省广州市,博士研究生,无工作经验要求,37-37万元/年,,广州市天河区中山大道西55号,全职,"具有优秀的教育工作背景并取得原创性科研成果，取得博士学历学位。
聘特聘研究员，两个聘期，首聘期3年；基础年薪37万元起，另提供租房补贴2.4万元/年；学院津贴另算。"
化学B,华南师范大学,1000-9999人,广东省广州市,博士研究生,无工作经验要求,37-37万元/年,,广州市天河区中山大道西55号,全职,"具有优秀的教育工作背景并取得原创性科研成果，取得博士学历学位。
聘特聘研究员，两个聘期，首聘期3年；基础年薪37万元起，另提供租房补贴2.4万元/年；学院津贴另算。"
生物学B,华南师范大学,1000-9999人,广东省广州市,博士研究生,无工作经验要求,37-37万元/年,,广州市天河区中山大道西55号,全职,"具有优秀的教育工作背景并取得原创性科研成果，取得博士学历学位。
聘特聘研究员，两个聘期，首聘期3年；基础年薪37万元起，另提供租房补贴2.4万元/年；学院津贴另算。"
地球科学B,华南师范大学,1000-9999人,广东省广州市,博士研究生,无工作经验要求,37-37万元/年,,广州市天河区中山大道西55号,全职,"具有优秀的教育工作背景并取得原创性科研成果，取得博士学历学位。
聘特聘研究员，两个聘期，首聘期3年；基础年薪37万元起，另提供租房补贴2.4万元/年；学院津贴另算。"
农业科学B,华南师范大学,1000-9999人,广东省广州市,博士研究生,无工作经验要求,37-37万元/年,,广州市天河区中山大道西55号,全职,"具有优秀的教育工作背景并取得原创性科研成果，取得博士学历学位。
聘特聘研究员，两个聘期，首聘期3年；基础年薪37万元起，另提供租房补贴2.4万元/年；学院津贴另算。"
医学B,华南师范大学,1000-9999人,广东省广州市,博士研究生,无工作经验要求,37-37万元/年,,广州市天河区中山大道西55号,全职,"具有优秀的教育工作背景并取得原创性科研成果，取得博士学历学位。
聘特聘研究员，两个聘期，首聘期3年；基础年薪37万元起，另提供租房补贴2.4万元/年；学院津贴另算。"
管理学B,华南师范大学,1000-9999人,广东省广州市,博士研究生,无工作经验要求,37-37万元/年,,广州市天河区中山大道西55号,全职,"具有优秀的教育工作背景并取得原创性科研成果，取得博士学历学位。
聘特聘研究员，两个聘期，首聘期3年；基础年薪37万元起，另提供租房补贴2.4万元/年；学院津贴另算。"
文学、艺术学B,华南师范大学,1000-9999人,广东省广州市,博士研究生,无工作经验要求,37-37万元/年,,广州市天河区中山大道西55号,全职,"具有优秀的教育工作背景并取得原创性科研成果，取得博士学历学位。
聘特聘研究员，两个聘期，首聘期3年；基础年薪37万元起，另提供租房补贴2.4万元/年；学院津贴另算。"
哲学C,华南师范大学,1000-9999人,广东省广州市,博士研究生,无工作经验要求,32-32万元/年,,广州市天河区中山大道西55号,全职,"具有良好的教育工作背景和学术发展潜力，取得博士学历学位。
聘特聘副研究员，两个聘期，首聘期3年；基础年薪32万元起，另提供租房补贴2.4万元/年或博士后公寓；学院津贴另算。"
经济学C,华南师范大学,1000-9999人,广东省广州市,博士研究生,无工作经验要求,32-32万元/年,,广州市天河区中山大道西55号,全职,"具有良好的教育工作背景和学术发展潜力，取得博士学历学位。
聘特聘副研究员，两个聘期，首聘期3年；基础年薪32万元起，另提供租房补贴2.4万元/年或博士后公寓；学院津贴另算。"
法学C,华南师范大学,1000-9999人,广东省广州市,博士研究生,无工作经验要求,32-32万元/年,,广州市天河区中山大道西55号,全职,"具有良好的教育工作背景和学术发展潜力，取得博士学历学位。
聘特聘副研究员，两个聘期，首聘期3年；基础年薪32万元起，另提供租房补贴2.4万元/年或博士后公寓；学院津贴另算。"
教育学C,华南师范大学,1000-9999人,广东省广州市,博士研究生,无工作经验要求,32-32万元/年,,广州市天河区中山大道西55号,全职,"具有良好的教育工作背景和学术发展潜力，取得博士学历学位。
聘特聘副研究员，两个聘期，首聘期3年；基础年薪32万元起，另提供租房补贴2.4万元/年或博士后公寓；学院津贴另算。"
心理学C,华南师范大学,1000-9999人,广东省广州市,博士研究生,无工作经验要求,32-32万元/年,,广州市天河区中山大道西55号,全职,"具有良好的教育工作背景和学术发展潜力，取得博士学历学位。
聘特聘副研究员，两个聘期，首聘期3年；基础年薪32万元起，另提供租房补贴2.4万元/年或博士后公寓；学院津贴另算。"
体育学C,华南师范大学,1000-9999人,广东省广州市,博士研究生,无工作经验要求,32-32万元/年,,广州市天河区中山大道西55号,全职,"具有良好的教育工作背景和学术发展潜力，取得博士学历学位。
聘特聘副研究员，两个聘期，首聘期3年；基础年薪32万元起，另提供租房补贴2.4万元/年或博士后公寓；学院津贴另算。"
历史学C,华南师范大学,1000-9999人,广东省广州市,博士研究生,无工作经验要求,32-32万元/年,,广州市天河区中山大道西55号,全职,"具有良好的教育工作背景和学术发展潜力，取得博士学历学位。
聘特聘副研究员，两个聘期，首聘期3年；基础年薪32万元起，另提供租房补贴2.4万元/年或博士后公寓；学院津贴另算。"
数学C,华南师范大学,1000-9999人,广东省广州市,博士研究生,无工作经验要求,32-32万元/年,,广州市天河区中山大道西55号,全职,"具有良好的教育工作背景和学术发展潜力，取得博士学历学位。
聘特聘副研究员，两个聘期，首聘期3年；基础年薪32万元起，另提供租房补贴2.4万元/年或博士后公寓；学院津贴另算。"
物理学C,华南师范大学,1000-9999人,广东省广州市,博士研究生,无工作经验要求,32-32万元/年,,广州市天河区中山大道西55号,全职,"具有良好的教育工作背景和学术发展潜力，取得博士学历学位。
聘特聘副研究员，两个聘期，首聘期3年；基础年薪32万元起，另提供租房补贴2.4万元/年或博士后公寓；学院津贴另算。"
化学C,华南师范大学,1000-9999人,广东省广州市,博士研究生,无工作经验要求,32-32万元/年,,广州市天河区中山大道西55号,全职,"具有良好的教育工作背景和学术发展潜力，取得博士学历学位。
聘特聘副研究员，两个聘期，首聘期3年；基础年薪32万元起，另提供租房补贴2.4万元/年或博士后公寓；学院津贴另算。"
生物学C,华南师范大学,1000-9999人,广东省广州市,博士研究生,无工作经验要求,32-32万元/年,,广州市天河区中山大道西55号,全职,"具有良好的教育工作背景和学术发展潜力，取得博士学历学位。
聘特聘副研究员，两个聘期，首聘期3年；基础年薪32万元起，另提供租房补贴2.4万元/年或博士后公寓；学院津贴另算。"
地球科学C,华南师范大学,1000-9999人,广东省广州市,博士研究生,无工作经验要求,32-32万元/年,,广州市天河区中山大道西55号,全职,"具有良好的教育工作背景和学术发展潜力，取得博士学历学位。
聘特聘副研究员，两个聘期，首聘期3年；基础年薪32万元起，另提供租房补贴2.4万元/年或博士后公寓；学院津贴另算。"
农业科学C,华南师范大学,1000-9999人,广东省广州市,博士研究生,无工作经验要求,32-32万元/年,,广州市天河区中山大道西55号,全职,"具有良好的教育工作背景和学术发展潜力，取得博士学历学位。
聘特聘副研究员，两个聘期，首聘期3年；基础年薪32万元起，另提供租房补贴2.4万元/年或博士后公寓；学院津贴另算。"
医学C,华南师范大学,1000-9999人,广东省广州市,博士研究生,无工作经验要求,32-32万元/年,,广州市天河区中山大道西55号,全职,"具有良好的教育工作背景和学术发展潜力，取得博士学历学位。
聘特聘副研究员，两个聘期，首聘期3年；基础年薪32万元起，另提供租房补贴2.4万元/年或博士后公寓；学院津贴另算。"
管理学C,华南师范大学,1000-9999人,广东省广州市,博士研究生,无工作经验要求,32-32万元/年,,广州市天河区中山大道西55号,全职,"具有良好的教育工作背景和学术发展潜力，取得博士学历学位。
聘特聘副研究员，两个聘期，首聘期3年；基础年薪32万元起，另提供租房补贴2.4万元/年或博士后公寓；学院津贴另算。"
文学、艺术学C,华南师范大学,1000-9999人,广东省广州市,博士研究生,无工作经验要求,32-32万元/年,,广州市天河区中山大道西55号,全职,"具有良好的教育工作背景和学术发展潜力，取得博士学历学位。
聘特聘副研究员，两个聘期，首聘期3年；基础年薪32万元起，另提供租房补贴2.4万元/年或博士后公寓；学院津贴另算。"
哲学D,华南师范大学,1000-9999人,广东省广州市,博士研究生,无工作经验要求,30-30万元/年,,广州市天河区中山大道西55号,全职,"具备较好的教育工作背景，具有一定的科研成果和发展潜力，取得博士学历学位。
聘特聘副研究员，两个聘期，首聘期2年；基础年薪不低于30万元/年，另提供博士后公寓；学院津贴另算。"
经济学D,华南师范大学,1000-9999人,广东省广州市,博士研究生,无工作经验要求,30-30万元/年,,广州市天河区中山大道西55号,全职,"具备较好的教育工作背景，具有一定的科研成果和发展潜力，取得博士学历学位。
聘特聘副研究员，两个聘期，首聘期2年；基础年薪不低于30万元/年，另提供博士后公寓；学院津贴另算。"
法学D,华南师范大学,1000-9999人,广东省广州市,博士研究生,无工作经验要求,30-30万元/年,,广州市天河区中山大道西55号,全职,"具备较好的教育工作背景，具有一定的科研成果和发展潜力，取得博士学历学位。
聘特聘副研究员，两个聘期，首聘期2年；基础年薪不低于30万元/年，另提供博士后公寓；学院津贴另算。"
教育学D,华南师范大学,1000-9999人,广东省广州市,博士研究生,无工作经验要求,30-30万元/年,,广州市天河区中山大道西55号,全职,"具备较好的教育工作背景，具有一定的科研成果和发展潜力，取得博士学历学位。
聘特聘副研究员，两个聘期，首聘期2年；基础年薪不低于30万元/年，另提供博士后公寓；学院津贴另算。"
心理学D,华南师范大学,1000-9999人,广东省广州市,博士研究生,无工作经验要求,30-30万元/年,,广州市天河区中山大道西55号,全职,"具备较好的教育工作背景，具有一定的科研成果和发展潜力，取得博士学历学位。
聘特聘副研究员，两个聘期，首聘期2年；基础年薪不低于30万元/年，另提供博士后公寓；学院津贴另算。"
体育学D,华南师范大学,1000-9999人,广东省广州市,博士研究生,无工作经验要求,30-30万元/年,,广州市天河区中山大道西55号,全职,"具备较好的教育工作背景，具有一定的科研成果和发展潜力，取得博士学历学位。
聘特聘副研究员，两个聘期，首聘期2年；基础年薪不低于30万元/年，另提供博士后公寓；学院津贴另算。"
历史学D,华南师范大学,1000-9999人,广东省广州市,博士研究生,无工作经验要求,30-30万元/年,,广州市天河区中山大道西55号,全职,"具备较好的教育工作背景，具有一定的科研成果和发展潜力，取得博士学历学位。
聘特聘副研究员，两个聘期，首聘期2年；基础年薪不低于30万元/年，另提供博士后公寓；学院津贴另算。"
数学D,华南师范大学,1000-9999人,广东省广州市,博士研究生,无工作经验要求,30-30万元/年,,广州市天河区中山大道西55号,全职,"具备较好的教育工作背景，具有一定的科研成果和发展潜力，取得博士学历学位。
聘特聘副研究员，两个聘期，首聘期2年；基础年薪不低于30万元/年，另提供博士后公寓；学院津贴另算。"
物理学D,华南师范大学,1000-9999人,广东省广州市,博士研究生,无工作经验要求,30-30万元/年,,广州市天河区中山大道西55号,全职,"具备较好的教育工作背景，具有一定的科研成果和发展潜力，取得博士学历学位。
聘特聘副研究员，两个聘期，首聘期2年；基础年薪不低于30万元/年，另提供博士后公寓；学院津贴另算。"
化学D,华南师范大学,1000-9999人,广东省广州市,博士研究生,无工作经验要求,30-30万元/年,,广州市天河区中山大道西55号,全职,"具备较好的教育工作背景，具有一定的科研成果和发展潜力，取得博士学历学位。
聘特聘副研究员，两个聘期，首聘期2年；基础年薪不低于30万元/年，另提供博士后公寓；学院津贴另算。"
生物学D,华南师范大学,1000-9999人,广东省广州市,博士研究生,无工作经验要求,30-30万元/年,,广州市天河区中山大道西55号,全职,"具备较好的教育工作背景，具有一定的科研成果和发展潜力，取得博士学历学位。
聘特聘副研究员，两个聘期，首聘期2年；基础年薪不低于30万元/年，另提供博士后公寓；学院津贴另算。"
地球科学D,华南师范大学,1000-9999人,广东省广州市,博士研究生,无工作经验要求,30-30万元/年,,广州市天河区中山大道西55号,全职,"具备较好的教育工作背景，具有一定的科研成果和发展潜力，取得博士学历学位。
聘特聘副研究员，两个聘期，首聘期2年；基础年薪不低于30万元/年，另提供博士后公寓；学院津贴另算。"
农业科学D,华南师范大学,1000-9999人,广东省广州市,博士研究生,无工作经验要求,30-30万元/年,,广州市天河区中山大道西55号,全职,"具备较好的教育工作背景，具有一定的科研成果和发展潜力，取得博士学历学位。
聘特聘副研究员，两个聘期，首聘期2年；基础年薪不低于30万元/年，另提供博士后公寓；学院津贴另算。"
医学D,华南师范大学,1000-9999人,广东省广州市,博士研究生,无工作经验要求,30-30万元/年,,广州市天河区中山大道西55号,全职,"具备较好的教育工作背景，具有一定的科研成果和发展潜力，取得博士学历学位。
聘特聘副研究员，两个聘期，首聘期2年；基础年薪不低于30万元/年，另提供博士后公寓；学院津贴另算。"
管理学D,华南师范大学,1000-9999人,广东省广州市,博士研究生,无工作经验要求,30-30万元/年,,广州市天河区中山大道西55号,全职,"具备较好的教育工作背景，具有一定的科研成果和发展潜力，取得博士学历学位。
聘特聘副研究员，两个聘期，首聘期2年；基础年薪不低于30万元/年，另提供博士后公寓；学院津贴另算。"
文学、艺术学D,华南师范大学,1000-9999人,广东省广州市,博士研究生,无工作经验要求,30-30万元/年,,广州市天河区中山大道西55号,全职,"具备较好的教育工作背景，具有一定的科研成果和发展潜力，取得博士学历学位。
聘特聘副研究员，两个聘期，首聘期2年；基础年薪不低于30万元/年，另提供博士后公寓；学院津贴另算。"
助工程师,中山市智造装备技术发展有限公司,49人及以下,广东省中山市三角镇,大学本科,无工作经验要求,8000-20000元/月,138****3896,中山市三角镇金三大道东8号E区2楼E203、E205-E207（民森信息科技产业园）,全职,人工智能领域全链条开发，包括理论与算法、大模型基础资源、公共服务平台等。在硬件制造上，涉及智能体专用设备、具身机器人研发、电子专用设备等多种设备的制造，以及模具、集成电路芯片设计及服务。
项目工程师,中山市德马汽车零部件有限公司,500-999人,广东省中山市中山港街道,大学本科,无工作经验要求,7000-14000元/月,155****5244,广东省中山市民众镇沙仔行政村景成路6号,全职,"1.项目开发过程中与客户对接项目开发进度，开发过程中客户来访或者审核需要的相关对应、资料准备；
2.项目导入后，准备项目启动会资料（启动PPT、模具清单、项目开发计划等等）;
3.每周召开项目周例会进度点检,提前识别问题点定期向领导汇报项目工作进度以及项目开发过程中的难题;"
硬件工程师,中山市德马汽车零部件有限公司,500-999人,广东省中山市中山港街道,大学本科,无工作经验要求,7000-14000元/月,155****5244,广东省中山市民众镇沙仔行政村景成路6号,全职,"1、负责设计、开发、调试、维护硬件控制产品；
2、产品开发中的难点、弱点攻关；
 3、方案设计、器件造型、原理图和PCB layout设计；   "
软件工程师,中山市德马汽车零部件有限公司,500-999人,广东省中山市中山港街道,大学本科,无工作经验要求,7000-14000元/月,155****5244,广东省中山市民众镇沙仔行政村景成路6号,全职, 1、负责设计、维护和优化各种软件/硬件开发系统，以提高产品质量和开发效率。
光学设计,中山市德马汽车零部件有限公司,500-999人,广东省中山市中山港街道,大学本科,无工作经验要求,7000-14000元/月,155****5244,广东省中山市民众镇沙仔行政村景成路6号,全职,"1、熟练应用光学设计相关软件如Speos.Zemax.Code V.Trace Pro等设计软件，熟练应用结构设计软件，如catia；
2、对光学设计理论有深入的理解，能够熟悉使用仿真工具、量测设备进行光学设计和验证工作；
3、有良好的光学基础知识，了解色度学.光度学的知识；"
产品设计,中山市德马汽车零部件有限公司,500-999人,广东省中山市中山港街道,大学本科,无工作经验要求,7000-14000元/月,155****5244,广东省中山市民众镇沙仔行政村景成路6号,全职,"1、汽车氛围灯内饰设计
2、根据产品要求和数据制作图纸；
3、按设计方案制作数据；
4、按项目开发过程的节点制作各种技术文件以及工艺文件；
5、量产品跟进和改善；"
销售坝员,中山莱通金属科技有限公司,100-299人,广东省中山市民众街道,大学专科,无工作经验要求,5500-8000元/月,134****3434,中山市民众镇新平村十顷公路139号自编M栋01卡,全职,本岗经培训合格后主要负责与客户打交道，维护客户关系，深度了解客户需求，促进成交。
车间储备干部,广东威力电器有限公司,1000-9999人,广东省中山市港口镇,大学专科,无工作经验要求,6-9万元/年,,广东省中山市阜沙镇阜沙工业园,校招,"岗位内容：
1. 学习与执行生产计划： 协助生产主管理解和分解每日/每周生产计划，确保生产任务清晰明确。
2. 现场作业实践： 深入生产线，熟练掌握至少1-2个关键岗位的操作技能（如线路板焊接、元器件安装、产品组装、调试检测等）。
3. 生产效率协助： 学习并应用精益生产工具（如5S、标准作业等），协助班组长监控生产线节拍，发现并报告影响生产效率的瓶颈问题。
4. 生产进度跟踪： 协助记录生产数据（如产量、工时、停机时间等），并及时向主管汇报生产进度异常情况。
发展方向：
顺利完成储备期并通过考核后，将根据个人特长与公司需求，定岗为生产班组长、生产主管助理、质量工程师助理等职位，并进入公司管理人才培养快车道。"
质检员,中山数码模汽车技术有限公司,,广东省中山市中山港街道,大学专科,无工作经验要求,5500-6000元/月,133****5117,中山市火炬开发区火炬路31号,校招,"1、性格开朗，机灵能够随机应变，
2、能够识别简单的2D图纸，
3、机械专业或化工专业"
高分子材料研发工程师,中山博锐斯新材料股份有限公司,100-299人,广东省中山市中山港街道,硕士研究生,无工作经验要求,15000-20000元/月,139****0502,广东省中山市民众街道宝泰路9号,校招,"1、负责高分子材料领域的产品开发，以满足市场及客户要求，重点产品包括弹性体薄膜及其复合材料；
2、独立负责新产品项目的研发工作，跟进追踪行业前沿发展方向及新技术；
3、积极参与行业高峰论坛及研讨会，进行技术难题的攻关；
4、开发市场前段领先产品及技术。"
助理开发工程师（rpa),珠海金智维信息科技有限公司,500-999人,广东省深圳市,大学本科,无工作经验要求,3000-6000元/月,,珠海、北京、上海、广州、武汉、长沙,实习,"1、计算机及相关专业毕业，本科及以上学历，学信网可查；
2、具备出色的沟通能力、实施能力和团队意识； 
3、能够适应短期出差的工作安排。"
助理测试工程师,珠海金智维信息科技有限公司,500-999人,广东省珠海市,大学本科,无工作经验要求,7000-10000元/月,,珠海市香洲区南油大酒店806,校招,"工作职责:
1、根据产品功能需求设计测试方案，制定并执行测试计划；
2、设计测试脚本和要点，完成产品的功能测试工作；
3、跟踪并验证缺陷，并确认问题得以解决；
4、总结问题，并进行分析，提交测试报告。
任职资格:
1、本科及以上学历，计算机科学、软件工程、电子信息等相关专业优先；
2、了解软件测试基本理论、方法和流程（如黑盒测试、白盒测试、测试生命周期等）
3、了解至少一种编程或脚本语言（如Java、Python、JavaScript），有编写简单脚本的潜力；
4、了解基本的SQL语句，能够进行简单的数据查询（Select、Update等）以辅助测试；
5、具备良好的逻辑思维能力、细致认真的工作态度、强烈的责任心和良好的团队合作精神；
6、具备强烈的求知欲和快速学习新技术的能力。
"
助理开发工程师（前端、Java、c++）,珠海金智维信息科技有限公司,500-999人,广东省珠海市,大学本科,无工作经验要求,7000-10000元/月,,珠海市香洲区南油大酒店806,校招,"工作职责:
1、根据需要，承担相关系统的需求分析、项目工作；
2、准确理解需求，参与技术方案和系统设计评审，负责业务功能研发，确保安全、质量和性能。
任职资格:
1、 熟练使用SpringBoot框架，熟悉Mybatis或Mybatis-plus；
2、 熟悉HTML、CSS；熟悉vue、ivew-ui、Element UI、mint-ui等前端技术；
3、 熟悉Linux/Unix下C、C++系统编程，熟悉TCP/IP协议、熟悉C++多线程编程；
4、 善于沟通、有团队合作意识，有较强总结分析和文字表达能力。"
助理开发工程师（Java、前端）,珠海金智维信息科技有限公司,500-999人,广东省珠海市,大学本科,无工作经验要求,7000-10000元/月,,珠海市香洲区南油大酒店806,校招,"工作职责:
1、根据需要，承担相关系统的需求分析、项目工作；
2、准确理解需求，参与技术方案和系统设计评审，负责业务功能研发，确保安全、质量和性能。
任职资格:
1、 熟练使用SpringBoot框架，熟悉Mybatis或Mybatis-plus；
2、 熟悉HTML、CSS；熟悉vue、ivew-ui、Element UI、mint-ui等前端技术；
3、 善于沟通、有团队合作意识，有较强总结分析和文字表达能力。"
助理人工智能工程师,珠海金智维信息科技有限公司,500-999人,广东省珠海市,大学本科,无工作经验要求,7000-10000元/月,,珠海市香洲区南油大酒店806,校招,"工作职责:
1、负责人工智能相关私有化平台部署搭建，比如：图像识别平台、语音识别平台的部署；
2、负责各种深度学习平台部署搭建；
3、负责编写程序实现人工智能训练数据的收集、整理及标注；
4、负责使用深度学习平台实现相关算法模型的训练；
5、负责人工智能平台接口包装。
任职资格:
1、计算机及相关专业毕业，硕士及以上学历；
2、有一定的编程基础，熟悉python语言、tensorflow使用经验的优先；
3、了解人工智能相关算法（熟悉统计学习理论者优先）；
4、具备良好的沟通能力、学习能力，责任心强和团队意识强。"
助理开发工程师（人工智能开发）,珠海金智维信息科技有限公司,500-999人,广东省珠海市,大学本科,无工作经验要求,7000-10000元/月,,珠海市香洲区南油大酒店806,校招,"工作职责
1、负责人工智能应用及管理系统开发
2、负责人工智能应用需求分析及应用系统设计
3、负责人工智能应用的部署及维护
任职资格
1. 计算机及相关专业毕业，本科及以上学历；
2. 熟练使用java、 javascript 语言
3. 熟练使用sprintboot 后台服务开发框架 或 vue、react 前端开发框架
4. 具备良好的沟通能力、学习能力，责任心强和团队意识强；"
助理开发工程师（桌面开发）,珠海金智维信息科技有限公司,500-999人,广东省珠海市,大学本科,无工作经验要求,7000-10000元/月,,珠海市香洲区南油大酒店806,校招,"工作职责:
1、根据需要，承担相关系统的需求分析、项目工作；
2、准确理解需求，参与技术方案和系统设计评审，负责业务功能研发，确保安全、质量和性能。
任职资格:
1、 熟练使用SpringBoot框架，熟悉Mybatis或Mybatis-plus；
2、 熟悉HTML、CSS；熟悉vue、ivew-ui、Element UI、mint-ui等前端技术；
3、 熟悉Linux/Unix下C、C++系统编程，熟悉TCP/IP协议、熟悉C++多线程编程；
4、 善于沟通、有团队合作意识，有较强总结分析和文字表达能力。"
产品助理,珠海金智维信息科技有限公司,500-999人,广东省珠海市,大学本科,无工作经验要求,7000-10000元/月,,珠海市香洲区南油大酒店806,校招,"工作职责
1. 辅助产品经理的工作开展，能够高质量的完成基础执行工作；
2. 协助完成数据收集整理，进行需求分析、原型设计、产品测试，跟踪产品的上线及日常管理；
3. 协助产品落地的项目推动，与设计、研发、测试等沟通 ，推进产品开发的项目周期，确保进度和质量；
4. 跟踪用户使用情况，收集用户反馈，不断完善和优化产品，提升产品的用户体验。
任职资格
1.本科及以上学历，计算机相关专业；
2.至少熟悉一门开发语言。
3. 熟练使用 Axure、XMind、Excel、Word、PPT 等办公软件；
4. 工作耐心细致，责任感强，态度积极，良好的团队意识和抗压力能力；
5. 思路清晰，关注细节，逻辑分析能力强，对数据敏感；
6. 进取心强，有大局观，善于沟通、具备强有力的解决问题能力和自驱力。"
高级工程师,佛山市实达科技有限公司,1000-9999人,广东省佛山市,博士研究生,无工作经验要求,20-30万元/年,159****4886,佛山市南海区狮山镇工业园C区兴业路30号,全职," 岗位职责：
1、独立承担课题及重点科研项目，完成相关的项目研究、论文、专利申报等
2、进行新产品/或材料研发设计、改进分析、应用等之一
3、完成项目组内重大技术改进项目（工艺、材料等）开发
岗位要求：
1、博士，锂电正负极材料、电解液等研究方向
2、熟练使用英文翻阅文献、撰写英文报告，熟练使用办公软件 "
品质助理工程师,佛山市实达科技有限公司,1000-9999人,广东省佛山市,大学本科,无工作经验要求,7000-9000元/月,159****4886,佛山市南海区狮山镇工业园C区兴业路30号,全职,"岗位职责：
1、负责生产过程品质日常工作管理和协调,并对检验报告结果进行审核。
2、负责对生产过程异常反馈及处理跟踪，对重大异常组织讨论分析改善。
3、负责检验员的作业技能培训,并督促检验员按规定进行检验作业与判定。
4、完成领导临时安排的其它工作事项。
岗位要求：
1、本科，不限专业。
2、英语四级、熟练使用办公软件，书写端正。
3、具有较强的责任心、协作精神、抗压能力等。 "
工艺助理工程师,佛山市实达科技有限公司,1000-9999人,广东省佛山市,大学本科,无工作经验要求,7000-9000元/月,159****4886,佛山市南海区狮山镇工业园C区兴业路30号,全职,"岗位职责：
1、协助工程师按期完成技术改进项目（工艺、材料等）。
2、协助工程师完成新产品样品及量产工艺文件制作。
3、按时完成样品及实验数据收集及处理，提交报告。
4、处理生产过程中的试生产过程中的异常处理。
5、完成上级领导交代的其他任务。
岗位要求：
1、本科，化学、材料、高分子、新能源、物理等相关专业。
2、英语四级，熟练使用办公软件。
3、良好的沟通能力、思维敏捷、善于协作。 "
设备工程师,佛山市实达科技有限公司,1000-9999人,广东省佛山市,大学本科,无工作经验要求,7000-9000元/月,159****4886,佛山市南海区狮山镇工业园C区兴业路30号,全职,"岗位职责：
1、负责工序设备的日常运行管理工作。
2、负责设备日常巡查、维护保养和定期考核工作。
3、负责年度、季度、月度、运行记录、故障记录及日常维护保养记录，并按期做好安全附件的定期送检工作。
4、负责对维修人员的安全、技能等培训及考核。
5、负责设备周期性保养计划的组织实施跟踪落实和考核，收集整理设备维护保养记录。
6、完成上级临时安排的各项工作任务。
岗位要求：
1、本科，自动化或机械设计制造或机电一体化等相关专业。
2、熟悉设备管理流程，具备解决自动化设备各类电气、机械异常的能力。
3、熟悉工程弱电和设备相关法规、规范。
4、具备较强的沟通、协作能力。 "
研发工程师,佛山市实达科技有限公司,1000-9999人,广东省佛山市,硕士研究生,无工作经验要求,8000-12000元/月,159****4886,佛山市南海区狮山镇工业园C区兴业路30号,全职,"岗位职责：
1、根据部门制订的计划，进行新产品/或材料研发设计、工艺设计、改进分析、应用等之一。
2、完成项目组内重大技术改进项目（工艺、材料等）开发。
3、协助上级确定研发的发展方向和研发计划，进行新材料和新产品的研究和开发，并组织实施。
4、完成上级领导交代的其他任务。
岗位要求：
1、本科或硕士，化学、材料、高分子、新能源、物理等相关专业。
2、英语四级，熟练使用办公软件。
3、具有钻研精神、责任心、团队协作精神。 "
品质工程师,佛山市实达科技有限公司,1000-9999人,广东省佛山市,硕士研究生,无工作经验要求,8000-12000元/月,159****4886,佛山市南海区狮山镇工业园C区兴业路30号,全职,"岗位职责：
1、指导督导品质组长及检验员工按工艺标准，预防异常发生
2、负责对制程的产品进行监督，达到工艺标准
3、针对发生的品质问题进行跟踪，督促责任单位采取纠正与预防措施，并跟踪改善效果
4、针对产线异常推动改善，提出合理化改善建议
5、完成领导安排的其它工作事项

岗位要求：
1、本科或硕士，质量管理或工业工程或其它相关专业
2、熟练使用办公软件
3、熟悉质量管理工具、数据分析方法等
4、较强的分析、解决问题能力，思路清晰，考虑问题细致、周全
5、具有较强的人际沟通、协调、组织能力以及高度的团队精神，责任心强 "
技术助理工程师,佛山市实达科技有限公司,1000-9999人,广东省佛山市,大学本科,无工作经验要求,7000-9000元/月,159****4886,佛山市南海区狮山镇工业园C区兴业路30号,全职,岗位职责： 1、新材料小批试产、批量试产中的技术问题处理。 2、主材料、电解液、铝塑膜等需材料进行验证，跟进实验进度，输出材料分析报告。 3、负责产品改良和技术改善工作。 4、完成领导安排的其它工作事项。 岗位要求： 1、本科，化学、材料、高分子、新能源、物理等相关专业。 2、英语四级，熟练使用办公软件。 3、具备扎实的专业知识、认真、较强的适应能力。
工艺工程师,佛山市实达科技有限公司,1000-9999人,广东省佛山市,硕士研究生,无工作经验要求,8000-12000元/月,159****4886,佛山市南海区狮山镇工业园C区兴业路30号,全职,岗位职责： 1、车间PFMEA、CP、作业指导书的编制与完善。 2、现场的专项工艺优化及改善（品质、成本、效率、安全等）。 3、提升车间各工序产品的合格率。 4、新型生产设备的工艺参数的制定与优化。 5、车间人员工艺方面的培训与考核。 6、巡查车间工艺标准执行情况。 岗位要求： 1、本科或硕士，化学、材料、高分子、新能源、物理等相关专业。 2、英语四级，熟练使用办公软件。 3、具有较强的沟通协调能力、工作积极主动。
PE工程师,惠州高盛达科技股份有限公司,500-999人,广东省惠州市仲恺高新技术产业开发区,大学本科,无工作经验要求,10-20万元/年,,广东省惠州市仲恺高新区陈江街道侨光路6号,全职,"1.负责生产维护以及现场问题的处理
2.负责工艺稽查管理以及协助改进跟踪
3.新产品导入、试产的安排、生产指导、现场异常问题的及时排除处理
"
销售工程师,惠州高盛达科技股份有限公司,500-999人,广东省惠州市仲恺高新技术产业开发区,大学本科,无工作经验要求,10-20万元/年,,广东省惠州市仲恺高新区陈江街道侨光路6号,全职,"1.负责公司产品的推广和销售
2.根据营销目标制定销售计划，销售预测，对营销目标负责
3.开拓工业市场新客户，建立并维护客户关系
4.识别、筛选销售线索，深入了解客户诉求，提供与之匹配的产品，服务，商务解决方案
5.收集，熟悉行业及客户需求，对产品的研发，技术支持，供应链提供指导性建议"
嵌入式软件工程师,惠州高盛达科技股份有限公司,500-999人,广东省惠州市仲恺高新技术产业开发区,大学本科,无工作经验要求,10-20万元/年,,广东省惠州市仲恺高新区陈江街道侨光路6号,全职,"1.负责嵌入式操作系统的移植和各种设备驱动程序的开发
2.负责产品开发过程中和操作系统相关技术问题的解决
3.负责与硬件工程师联调解决客户端涉及产品软件的问题
4.根据产品要求，开发主流操作系统下的应用程序"
硬件工程师,惠州高盛达科技股份有限公司,500-999人,广东省惠州市仲恺高新技术产业开发区,大学本科,无工作经验要求,10-20万元/年,,广东省惠州市仲恺高新区陈江街道侨光路6号,全职,"1.负责产品硬件方案设计，PCB布局布线，元器件的选型，BOM制作
2.负责对公司现有产品进行技术完善、升级等
3.协助产品开发管理，产品研发前期与结构、软件、生产等部门人员共同评估系统可行性"
工业数据工程师,深圳市中金岭南有色金属股份有限公司,10000人及以上,广东省韶关市,硕士研究生,1-3年,9-12万元/年,,韶关市 ,全职,"数据全流程​​：掌握传感器数据采集（MQTT/Kafka）、时序数据库（InfluxDB/TDEngine）、数据湖仓（Hadoop/Spark）。
​​工业数据处理​​：熟悉工业噪声过滤、多源异构数据融合及特征工程（如时序特征提取）。
​​可视化工具​​：熟练使用Tableau/Power BI或开源工具（ECharts/D3.js）实现工业数据看板"
网络安全工程师,深圳市中金岭南有色金属股份有限公司,10000人及以上,广东省韶关市,硕士研究生,1-3年,9-12万元/年,,韶关市 ,全职,"熟悉ISO 27001、等保2.0等安全标准，能制定安全策略及应急预案；
技术能力：掌握Windows/Linux系统安全加固、数据库（MySQL/Oracle）安全配置及备份恢复，具备Python/Shell脚本编写能力；
证书优先：CISP（注册信息安全专业人员）、CISSP（国际注册信息系统安全专家）、OSCP（渗透测试认证）、CISSP-PTS（渗透测试专家）等。"
AI应用开发工程师​,深圳市中金岭南有色金属股份有限公司,10000人及以上,广东省韶关市,硕士研究生,1-3年,9-12万元/年,,韶关市 ,全职,"精通 Python/Java/Go 其中至少一种语言，掌握常见 Web 框架（FastAPI、SpringBoot 等）
熟悉 LangChain、LlamaIndex 等大模型应用开发框架，具备 Agent、RAG 等项目实践经验
有端到端 AI 应用落地经验，能独立完成从原型开发到上线部署。
具备良好的跨团队协作能力，能够推动 AI 技术与业务场景深度结合"
AI模型部署工程师​,深圳市中金岭南有色金属股份有限公司,10000人及以上,广东省韶关市,硕士研究生,1-3年,9-12万元/年,,韶关市 ,全职,"熟悉 PyTorch/TensorFlow 训练框架，掌握 DeepSpeed、Megatron-LM、Hugging Face Transformers 等工具链
具备大规模模型训练、并行计算（数据/模型/流水线并行）实践经验
精通模型压缩与优化技术，如量化（INT4/INT8）、蒸馏、剪枝、参数高效微调（LoRA、QLoRA）
熟悉 GPU/CPU 异构计算、CUDA 编程，具备性能调优与资源优化能力
"
AI算法工程师,深圳市中金岭南有色金属股份有限公司,10000人及以上,广东省韶关市,硕士研究生,无工作经验要求,9-12万元/年,,韶关市 ,全职,"数据全流程​​：掌握传感器数据采集（MQTT/Kafka）、时序数据库（InfluxDB/TDEngine）、数据湖仓（Hadoop/Spark）。
​​工业数据处理​​：熟悉工业噪声过滤、多源异构数据融合及特征工程（如时序特征提取）。
​​可视化工具​​：熟练使用Tableau/Power BI或开源工具（ECharts/D3.js）实现工业数据看板"
人力资源管理,深圳市中金岭南有色金属股份有限公司,10000人及以上,广东省韶关市,大学本科,无工作经验要求,7-9万元/年,,韶关市 ,全职,1、执行并完善公司的人事制度与计划，培训与发展，绩效评估，员工社会保障福利等方面的'管理工作；
自动化工程师B,深圳市中金岭南有色金属股份有限公司,10000人及以上,广东省深圳市,博士研究生,无工作经验要求,25-35万元/年,,深圳坪山区,全职,1、从事电气自动化相关工作，推动企业电气自动化、智能化发展。2.贯彻落实国家法律法规，制订企业配套的安全规程及制度。
自动化工程师A,深圳市中金岭南有色金属股份有限公司,10000人及以上,广东省深圳市,博士研究生,无工作经验要求,25-35万元/年,,深圳南山区,全职,1、从事电气自动化相关工作，推动企业电气自动化、智能化发展。2.贯彻落实国家法律法规，制订企业配套的安全规程及制度。
岩石力学A,深圳市中金岭南有色金属股份有限公司,10000人及以上,广东省韶关市,博士研究生,无工作经验要求,25-35万元/年,,韶关市仁化县,全职,1、从事地下矿山岩石稳定性研究及地压分析及危害预防、治理工作。2.贯彻落实国家法律法规，制订企业配套的安全规程及制度。3.指导企业落实安全生产措施及岩体灾害防御措施。
水文地质岗A,深圳市中金岭南有色金属股份有限公司,10000人及以上,广东省韶关市,博士研究生,无工作经验要求,25-35万元/年,,韶关市仁化县,全职,1.从事矿山水文地质研究及水文地质灾害治理工作。2.贯彻落实国家法律法规，制订企业配套的安全规程及制度。3.指导企业落实安全生产措施及水文灾害防御措施。
广晟新材工艺技术岗,广东广晟有色金属集团有限公司,1000-9999人,广东省清远市英德市,大学本科,无工作经验要求,8-10万元/年,,东华镇清远华侨工业园南区开发大道2号,全职,"1.负责跟踪生产过程中的各项技术参数，根据车间要求进行调整，对各种可能出现的问题提前采取预防措施；
2.掌握工序使用的主要材料质量，耗用量。
3.督促本工序生产人员严格执行生产工艺、做好现场生产记录。每月对本工种的生产经济技术指标进行统计分析；
4.跟踪 DCS 系统的运行状况，维护 DCS 系统的正常运行；
5.定期开展员工技能培训，加强各岗位的工艺技术灌输；
6.积极开展本工种范围内的工艺试验和技术革新等。"
广晟新材自动化管理岗,广东广晟有色金属集团有限公司,1000-9999人,广东省清远市英德市,大学本科,无工作经验要求,8-10万元/年,,东华镇清远华侨工业园南区开发大道2号,全职,"1.全局掌控 DCS 系统运行；
2.根据生产需要调整 DCS 系统状态，调节 DCS 工艺参数；
3.掌控 DCS 运行情况及各运行参数，及时发现潜在问题，通知生产单位；
4.做好运行记录以及异常情况记录；
5.做好仪表感应器指令元件执行元件等自动化元件的安全库存；
6.准确判断分析 DCS 系统故障原因，及时处理或组织人员进行维修
7.制定 DCS 维护保养指引和计划，组织 DCS 硬件定期维护保养；
8.根据生产情况配合技改，协调改善工艺控制等。"
广晟新材设备管理岗,广东广晟有色金属集团有限公司,1000-9999人,广东省清远市英德市,大学本科,无工作经验要求,8-10万元/年,,东华镇清远华侨工业园南区开发大道2号,全职,"1.制定设备日常点检、定期点检及专项点检计划，明确点检标准、内容、周期和方法；
2.负责设备设施日常点检工作，组织设备操作人员、维修人员开展点检工作，指导其正确使用点检工具，规范记录点检数据；
3.汇总分析点检信息，及时发现设备潜在故障隐患，制定整改措施并跟踪落实，保障设备运行状态良好；
4.编制设备维护保养计划，包括日常维护、定期保养、预防性维护等；
5.协助组织维修团队按计划开展设备维护工作，监督维护质量和进度；
6.协助协调处理设备突发故障，组织抢修并分析故障原因，制定预防措施；
7.协助评估设备维护成本，优化维护方案，提高设备可靠性和使用寿命等。"
深圳幕墙中级结构设计师,广东广晟有色金属集团有限公司,1000-9999人,广东省深圳市,大学本科,3-5年,18-25万元/年,,广东省深圳市福田区,全职,"1.主要负责海外项目的施工图及竣工图等结构设计工作，并对所做工作的质量和进度负责；
2.在满足规范的前提下，提出结构优化方案，在保证幕墙安全性能的前提下，做到降本增效；
3.负责与设计院、业主、幕墙顾问及第三方审图机构沟通，保证计算书顺利通过审查；
4.负责海外项目相关的计算书、计算模型等资料的整理与归档；
5.完成部门安排的其它工作。
"
深圳幕墙项目经理,广东广晟有色金属集团有限公司,1000-9999人,广东省深圳市,大学本科,3-5年,18-21万元/年,,广东省深圳市福田区,全职,"1.负责施工过程中全面监督、指导、考核各组施工指标完成情况，发现问题及时解决并对未完成情况采取措施进行整改，确保各施工指标的顺利完成；
2.及时总结施工完成情况，带领团队实现项目各阶段目标；
3.负责工程的施工进度、质量、安全等各项工作，做好工程进度款申报；
4.全面负责协调及维护甲方、总包、监理、安监、顾问、劳务单位、供应商等外部关联方关系；
5.负责项目验收后移交、结算、维保跟踪指导工作。"
瑶岭矿业机械工程技术,广东广晟有色金属集团有限公司,1000-9999人,广东省韶关市,大学本科,无工作经验要求,10-12万元/年,,广东省韶关市曲江区,全职,"1.熟悉机械设备领域知识，熟练运用与实际工作；
2.协助负责生产机械设备的管理，确保其安全、稳定、高效运行；
3.协助编制和执行设备维护检修计划；
4.完成领导交办的其他任务。
"
瑶岭矿业选矿工程技术,广东广晟有色金属集团有限公司,1000-9999人,广东省韶关市,大学本科,无工作经验要求,10-12万元/年,,广东省韶关市曲江区,全职,"1.熟练掌握选矿等方面专业知识与矿山选矿技术发展动态;药剂管理制度;
2.负责编制选矿工艺流程与
3.负责制定选矿技术操作规程;
4.能从事选矿试验、编制选矿试验报告、日常选矿技术管理等。"
瑶岭矿业采矿工程技术,广东广晟有色金属集团有限公司,1000-9999人,广东省韶关市,大学本科,无工作经验要求,10-12万元/年,,广东省韶关市曲江区,全职,"1.负责矿山的采矿技术工作;
2.负责采矿生产的监督，对生产中出现的问题和生产技术方案进行优化管理;
3.编写和完善采矿生产标准操作规范，并监督落实、修订和升版;
4.完成领导交办的其他任务。"
自动化设备工程师,中山常成日用制品有限公司,50-99人,广东省中山市小榄镇,大学本科,无工作经验要求,8000-10000元/月,130****6165,广东省中山市小榄镇东锐二路15号,全职,"1.根据生产工艺需求，参与自动化设备（含生产线、单机设备）的技术方案设计，明确设备功能，性能指标及安全标准，
2.针对老旧设备，评估技术改造的可行性，
3.自动化设备的调试与维护。"
材料工艺工程师（五金/塑胶）,中山常成日用制品有限公司,50-99人,广东省中山市小榄镇,大学本科,无工作经验要求,6500-7500元/月,130****6165,广东省中山市小榄镇东锐二路15号,全职,"1.协助相关部门进行产品工艺，配方的调试和优化，改进产品质量；
2.协助团队新产品新工艺的开发，实验；
3.为生产部门做好技术支持和保障，如试机，试料等相关工作； 
4.对产品开发相关文件的编制，整理汇总相关实验数据，撰写研发总结报告"
智能制造模具工程师（五金/塑胶）,中山常成日用制品有限公司,50-99人,广东省中山市小榄镇,大学本科,无工作经验要求,6500-7500元/月,130****6165,广东省中山市小榄镇东锐二路15号,全职,"1.熟悉2D及3D模具设计软件；
2.协助工程团队对模具设计提出工艺优化要求、建议，并执行优化；
3.工装治具夹具的设计开发；
3、编写模具的相关文档、技术资料规格。"
测试员,广东威尔泰克科技有限公司,49人及以下,广东省中山市中山港街道,大学本科,无工作经验要求,8000-13000元/月,188****6110,中山市火炬开发区沿江东四路38号,全职,电子、焊接相关专业；对公司产品机器进行检测
软件工程师,广东威尔泰克科技有限公司,49人及以下,广东省中山市中山港街道,大学本科,无工作经验要求,9000-16000元/月,188****6110,中山市火炬开发区沿江东四路38号,全职,软件类相关专业，会c、c+等相关开发语言，焊机、储能电源软件件开发、测试
硬件工程师,广东威尔泰克科技有限公司,49人及以下,广东省中山市中山港街道,大学本科,无工作经验要求,8000-15000元/月,188****6110,中山市火炬开发区沿江东四路38号,全职,电子信息、自动化相关专业，焊机、储能电源硬件开发、测试
新生儿科医师,中山市博爱医院,,广东省中山市东区街道办事处,博士研究生,无工作经验要求,30-40万元/年,076****3165,中山市城桂路6号,全职,从事新生儿科相关诊疗工作
投资招商岗,中山西湾投资控股发展有限公司,49人及以下,广东省中山市南朗街道,大学本科,无工作经验要求,8-15万元/年,,中山市翠亨新区翠亨大厦B栋12楼,全职,"1、招商引资与产业行业研究。分析区域产业定位，筛选符合发展方向的目标企业或项目。研究行业趋势，组织项目洽谈和合同谈判，建立潜在投资者数据库。
2、项目线索获取：通过行业展会、商协会、中介机构等渠道获取投资落地意向。利用人脉网络或资本招商挖掘高潜力项目。"
纪检与审计部职员,中山西湾投资控股发展有限公司,49人及以下,广东省中山市南朗街道,大学本科,无工作经验要求,8-15万元/年,,中山市翠亨新区翠亨大厦B栋12楼,全职,"纪检监察：协助完善纪检制度并监督执行，开展廉政建设与反腐工作（含教育、风险防控），受理信访举报并查处违规案件，配合上级纪检部门工作。
审计：参与制定审计制度与计划，实施各类审计并提改进建议，跟踪问题整改，归档审计资料，协助外部审计。"
出纳,中山西湾投资控股发展有限公司,49人及以下,广东省中山市南朗街道,大学本科,无工作经验要求,8-15万元/年,,中山市翠亨新区翠亨大厦B栋12楼,全职,"1、负责公司现金、银行存款的日常管理，包括资金收付、银行对账、票据保管等；
2、编制资金日报表、银行余额调节表，确保资金安全与账实相符；
3、协助会计完成账务处理，配合开展财务审计工作；根据公司业务需求，办理银行相关业务（如开户、转账等）；"
生产班长,惠州市可立克科技有限公司,500-999人,广东省惠州市仲恺高新技术产业开发区,中等专科,1-3年,6000-9000元/月,,广东省惠州市仲恺高新技术产业开发区东江高新科技产业园（东江高新技术产业园东兴片区兴德西路2号）,全职,"岗位职责：
1.按照生产计划每日定岗产线员工，保证计划机器按时完成。
2.监督，指导，培训员工100%按照SOP要求进行作业，控制生产过程质量；
3.及时识别并且汇报安全风险；
4.及时识别并且反馈异常（包括缺料，设备异常，人员分配等）；
5.提升员工的多技能；
6.保持产线整洁，识别产线改善机会；
7.必要时顶岗；
8.培训新员工；
9.配合完成主管安排的其他工作；
职位要求：
1.中技及以上学历,机电或相关专业优先；
2.有电源或者变压器工作经验优先；
3.了解精益生产；
4.2年以上同岗位工作经验。"
目检（电子烟PACK）操作工,惠州市芯星新能源科技有限公司,49人及以下,广东省惠州市仲恺高新技术产业开发区,中等专科,1-3年,5500-9000元/月,158****3295,惠州市仲恺高新区东江高新科技产业园兴举西路4号胜诺达工业园区5号厂房4楼,全职,吃苦耐劳，服从安排，有经验
分容烫操作工,惠州市芯星新能源科技有限公司,49人及以下,广东省惠州市仲恺高新技术产业开发区,中等专科,1-3年,5500-9000元/月,158****3295,惠州市仲恺高新区东江高新科技产业园兴举西路4号胜诺达工业园区5号厂房4楼,全职,吃苦耐劳，服从安排，有无经验均可
切折烫操作工,惠州市芯星新能源科技有限公司,49人及以下,广东省惠州市仲恺高新技术产业开发区,中等专科,1-3年,5500-9000元/月,158****3295,惠州市仲恺高新区东江高新科技产业园兴举西路4号胜诺达工业园区5号厂房4楼,全职,吃苦耐劳，服从安排，有经验
二封操作工,惠州市芯星新能源科技有限公司,49人及以下,广东省惠州市仲恺高新技术产业开发区,中等专科,1-3年,5500-9000元/月,158****3295,惠州市仲恺高新区东江高新科技产业园兴举西路4号胜诺达工业园区5号厂房4楼,全职,吃苦耐劳，服从安排，有无经验均可
化成操作工,惠州市芯星新能源科技有限公司,49人及以下,广东省惠州市仲恺高新技术产业开发区,中等专科,1-3年,5500-9000元/月,158****3295,惠州市仲恺高新区东江高新科技产业园兴举西路4号胜诺达工业园区5号厂房4楼,全职,吃苦耐劳，服从安排，有无经验均可
注液操作工,惠州市芯星新能源科技有限公司,49人及以下,广东省惠州市仲恺高新技术产业开发区,中等专科,1-3年,5500-9000元/月,158****3295,惠州市仲恺高新区东江高新科技产业园兴举西路4号胜诺达工业园区5号厂房4楼,全职,吃苦耐劳，服从安排，有无经验均可
封装操作工,惠州市芯星新能源科技有限公司,49人及以下,广东省惠州市仲恺高新技术产业开发区,中等专科,1-3年,5500-9000元/月,158****3295,惠州市仲恺高新区东江高新科技产业园兴举西路4号胜诺达工业园区5号厂房4楼,全职,吃苦耐劳，服从安排，有无经验均可
压芯操作工,惠州市芯星新能源科技有限公司,49人及以下,广东省惠州市仲恺高新技术产业开发区,中等专科,1-3年,5500-9000元/月,158****3295,惠州市仲恺高新区东江高新科技产业园兴举西路4号胜诺达工业园区5号厂房4楼,全职,吃苦耐劳，服从安排，有无经验均可
卷绕操作工,惠州市芯星新能源科技有限公司,49人及以下,广东省惠州市仲恺高新技术产业开发区,中等专科,1-3年,5500-9000元/月,158****3295,惠州市仲恺高新区东江高新科技产业园兴举西路4号胜诺达工业园区5号厂房4楼,全职,吃苦耐劳，服从安排，有无经验均可
冲膜操作工,惠州市芯星新能源科技有限公司,49人及以下,广东省惠州市仲恺高新技术产业开发区,中等专科,1-3年,5500-9000元/月,158****3295,惠州市仲恺高新区东江高新科技产业园兴举西路4号胜诺达工业园区5号厂房4楼,全职,吃苦耐劳，服从安排，有无经验均可
制片操作工,惠州市芯星新能源科技有限公司,49人及以下,广东省惠州市仲恺高新技术产业开发区,中等专科,1-3年,5500-9000元/月,158****3295,惠州市仲恺高新区东江高新科技产业园兴举西路4号胜诺达工业园区5号厂房4楼,全职,吃苦耐劳，服从安排，有无经验均可
分条操作工,惠州市芯星新能源科技有限公司,49人及以下,广东省惠州市仲恺高新技术产业开发区,中等专科,1-3年,5500-9000元/月,158****3295,惠州市仲恺高新区东江高新科技产业园兴举西路4号胜诺达工业园区5号厂房4楼,全职,吃苦耐劳，服从安排
辊压,惠州市芯星新能源科技有限公司,49人及以下,广东省惠州市仲恺高新技术产业开发区,中等专科,1-3年,5500-9000元/月,158****3295,惠州市仲恺高新区东江高新科技产业园兴举西路4号胜诺达工业园区5号厂房4楼,全职,吃苦耐劳，服从安排，熟手均可
IPQC,惠州市芯星新能源科技有限公司,49人及以下,广东省惠州市仲恺高新技术产业开发区,中等专科,1-3年,5000-7000元/月,158****3295,惠州市仲恺高新区东江高新科技产业园兴举西路4号胜诺达工业园区5号厂房,全职,吃苦耐劳，服从安排
生产组长（中后段）,惠州市芯星新能源科技有限公司,49人及以下,广东省惠州市仲恺高新技术产业开发区,中等专科,1-3年,5500-7500元/月,158****3295,惠州市仲恺高新区东江高新科技产业园兴举西路4号胜诺达工业园区5号厂房,全职,吃苦耐劳，服从安排
设备工程师（前段）,惠州市芯星新能源科技有限公司,49人及以下,广东省惠州市仲恺高新技术产业开发区,大学专科,3-5年,8500-13000元/月,158****3295,惠州市仲恺高新区东江高新科技产业园兴举西路4号胜诺达工业园区5号厂房,全职,吃苦耐劳，服从安排
一线操作工,惠州市芯星新能源科技有限公司,49人及以下,广东省惠州市仲恺高新技术产业开发区,技工学校,1年以下,4500-7000元/月,158****3295,惠州市仲恺高新区东江高新科技产业园兴举西路4号胜诺达工业园区5号厂房,全职,吃苦耐劳，服从安排，计件综合薪资4500-7000元
QC镜片外观检查人员,惠州璀璨光影技术有限公司,100-299人,广东省惠州市仲恺高新技术产业开发区,初中,无工作经验要求,4500-7500元/月,136****4170,惠州市仲恺高新技术产业开发区东江高新科技产业园东兴片区东新大道108号（厂房B）,全职,吃苦耐劳 服从安排
佛山-顺德-新店开业 小象超市驻店外卖配送员-免费提供外卖电动车-免费提供住宿,海耀星途（广州）互联网科技有限公司,49人及以下,广东省佛山市顺德区,无学历要求,无工作经验要求,9000-13000元/月,157****9989,佛山顺德大良,全职,"超市驻店配送员岗位-免费提供外卖电动车-免费提供宿舍
1.只送一个门店的订单，取货只在一个地方2.配送的都是小件生活用品，都是打包好的，直接拿走不用等单
3.全是顺路单，配送范围小，两公里内的社区骑手
4.多劳多得，每天轻松80-120单
5.薪资福利待遇
日收入400-500周收入2500+
月收入工资9000-13000(上不封顶)综合补贴:底薪+全
勤奖+高温补+话补+大额远程补贴+冲单奖等(800-1500元)每单配送费5元-8元单，日收入400元以上
6.门店提供电动车(换电方便，无限续航，无任何抵押-无任何租金)
7.提供住宿(4人间，干净卫生，洗澡空调洗衣机俱
全 工作地址广州所有区域均有站点，可以就近安排。
其他福利
1，当天直接安排住宿、安排上岗2，没钱可预支工资
3.站长之前也是做骑手的，对人好，上升空间大配送
员，骑手，生鲜配送，水果配送，商超配送蔬菜面
送，固定位置取货配送，上手简单，有老骑手带"
广州增城区-小象超市驻店外卖配送员 免费提供外卖电动车 免费提供住宿,海耀星途（广州）互联网科技有限公司,49人及以下,广东省广州市,无学历要求,无工作经验要求,9000-13000元/月,157****9989,广东省广州市增城区新塘镇广深大道西115,全职,"超市驻店配送员岗位:零元入职+免费提供外卖电动车+免费提供宿舍
1.只送一个门店的订单，取货只在一个地方2.配送的都是小件生活用品，都是打包好的，直接拿走不用等单
3.全是顺路单，配送范围小，两公里内的社区骑手
4.多劳多得，每天轻松80-120单
5.薪资福利待遇
日收入400-500周收入2500+
月收入工资9000-13000(上不封顶)综合补贴:底薪+全
勤奖+高温补+话补+大额远程补贴+冲单奖等(800-1500元)每单配送费5元-8元单，日收入400元以上
6.门店提供电动车(换电方便，无限续航，无任勾押)
7.提供住宿(4人间，干净卫生，洗澡空调洗衣机俱
全 工作地址广州所有区域均有站点，可以就近安排。
其他福利
1，当天直接安排住宿、安排上岗2，没钱可预支工资
3.站长之前也是做骑手的，对人好，上升空间大配送
员，骑手，生鲜配送，水果配送，商超配送蔬菜面
送，固定位置取货配送，上手简单，有老骑手带"
广州-荔湾区 小象超市驻店外卖配送员/免费提供外卖电动车-免费提供住宿,海耀星途（广州）互联网科技有限公司,49人及以下,广东省广州市,无学历要求,无工作经验要求,9000-13000元/月,157****9989,广东省广州市荔湾区冲口街道坑口大街125,全职,"超市驻店配送员岗位-免费提供外卖电动车-包住
1.只送一个门店的订单，取货只在一个地方2.配送的都是小件生活用品，都是打包好的，直接拿走不用等单
3.全是顺路单，配送范围小，两公里内的社区骑手
4.多劳多得，每天轻松80-120单
5.薪资福利待遇
日收入400-500周收入2500+
月收入工资9000-13000(上不封顶)综合补贴:底薪+全
勤奖+高温补+话补+大额远程补贴+冲单奖等(800-1500元)每单配送费5元-8元单，日收入400元以上
6.门店提供电动车(换电方便，无限续航，无任压金)
7.提供住宿(4人间，干净卫生，洗澡空调洗衣机俱
全 工作地址广州所有区域均有站点，可以就近安排。
其他福利
1，当天直接安排住宿、安排上岗2，没钱可预支工资
3.站长之前也是做骑手的，对人好，上升空间大配送
员，骑手，生鲜配送，水果配送，商超配送蔬菜面
送，固定位置取货配送，上手简单，有老骑手带"
广州-天河区小象超市驻店外卖配送员/免费提供外卖电动车-免费提供住宿,海耀星途（广州）互联网科技有限公司,49人及以下,广东省广州市,无学历要求,无工作经验要求,9000-13000元/月,157****9989,广东省广州市天河区石牌街道石牌东路123号,全职,"超市驻店配送员岗位-免费提供外卖电动车-包住
1.只送一个门店的订单，取货只在一个地方2.配送的都是小件生活用品，都是打包好的，直接拿走不用等单
3.全是顺路单，配送范围小，两公里内的社区骑手
4.多劳多得，每天轻松80-120单
5.薪资福利待遇
日收入400-500周收入2500+
月收入工资9000-13000(上不封顶)综合补贴:底薪+全
勤奖+高温补+话补+大额远程补贴+冲单奖等(800-1500元)每单配送费5元-8元单，日收入400元以上
6.门店提供电动车(换电方便，无限续航，无任压金)
7.提供住宿(4人间，干净卫生，洗澡空调洗衣机俱
全 工作地址广州所有区域均有站点，可以就近安排。
其他福利
1，当天直接安排住宿、安排上岗2，没钱可预支工资
3.站长之前也是做骑手的，对人好，上升空间大配送
员，骑手，生鲜配送，水果配送，商超配送蔬菜面
送，固定位置取货配送，上手简单，有老骑手带"
化妆造型师,深圳市兔兔文化有限公司,100-299人,广东省深圳市罗湖区,大学专科,无工作经验要求,7000-8000元/月,138****1354,深圳市罗湖区南湖街道嘉宾路2018号深华商业大厦四楼兔兔文化,全职,"1. 学历与专业：不限学历，化妆造型、形象设计、美容相关专业或有系统美妆培训经历者优先；
2. 经验要求：1年及以上化妆造型实战经验，有新娘跟妆、商业拍摄造型经验者优先，需提供个人造型作品集；
3. 专业能力：熟练使用各类化妆产品与工具，擅长多种妆容风格，有接触过网红装造更好，审美在线、动手能力强；
4. 职业素养：服务意识强，善于沟通，能适应灵活工作时间，责任心强、注重细节。"
行政人事,深圳市兔兔文化有限公司,100-299人,广东省深圳市罗湖区,大学专科,无工作经验要求,4500-6000元/月,138****1354,深圳市罗湖区南湖街道嘉宾路2018号深华商业大厦四楼兔兔文化,全职,"1. 负责核心工作岗位的简历筛选、面试邀约与组织，搭建高效招聘流程；
2. 协助[相关工作员工入职引导、劳动合同签订及档案管理，保障人事流程规范；
3. 参与辅助工作公司招聘渠道维护与拓展，提升岗位曝光度与简历质量；
4. 完成上级交办的其他人事相关工作。"
运营助理,深圳市兔兔文化有限公司,100-299人,广东省深圳市罗湖区,大学专科,无工作经验要求,4000-6000元/月,138****1354,深圳市罗湖区南湖街道嘉宾路2018号深华商业大厦四楼兔兔文化,全职,"1、负责团中主播粉丝及粉丝群管理维护，能让主播主持有更好更稳定的发展空间；
2、学习能快速从0-1打造团播账号,把控直播流程，带动直播节奏，营造轻松愉快幽默的直播氛围；
3、前期给主播进行直播基础知识培训、直播规则培训、话术培训等，下播后给主播进行复盘，配合运营指导主播不断提升直播及维护客户能力；
4、开播前审核主播妆容、穿着、造型，准备开播道具及直播背景，进行设备测试和调试工作。"
舞蹈老师,深圳市兔兔文化有限公司,100-299人,广东省深圳市罗湖区,大学专科,无工作经验要求,6000-8000元/月,138****1354,深圳市罗湖区南湖街道嘉宾路2018号深华商业大厦四楼兔兔文化,全职,"1、主要负责 团播成员的舞蹈课程安排及培训工作；
2、负责搜寻适用的舞蹈素材并扒舞，以及基础的舞蹈编排工作；
3、负责记录每节课的课程问题并及时反馈；
4、周期性地调整开发新课程。"
舞蹈文艺表演主播,深圳市兔兔文化有限公司,100-299人,广东省深圳市罗湖区,大学专科,无工作经验要求,8000-10000元/月,138****1354,深圳市罗湖区南湖街道嘉宾路2018号深华商业大厦四楼兔兔文化,全职,"1、按照公司要求的时间进行排挡、公司免费培训，直到主播能够独立开播，并且达到理想收入；
2、负责在直播平台上与游客互动，活跃直播间气氛，线下交流能够维护好自己的粉丝；
3、工作时间：每天工作时间可自由安排，单休根据个人情况定，提前完成任务者可提前下播。"
舞蹈文艺主播,深圳市兔兔文化有限公司,100-299人,广东省深圳市罗湖区,无学历要求,无工作经验要求,8000-10000元/月,138****1354,深圳市罗湖区南湖街道嘉宾路2018号深华商业大厦四楼兔兔文化,全职,"1、按照公司要求的时间进行排挡、公司免费培训，直到主播能够独立开播，并且达到理想收入；
2、负责在直播平台上与游客互动，活跃直播间气氛，线下交流能够维护好自己的粉丝；
3、工作时间：每天工作时间可自由安排，单休根据个人情况定，提前完成任务者可提前下播。"
OQC质检员,深圳市志誉科技有限公司,49人及以下,广东省深圳市光明区,初中,无工作经验要求,6000-8000元/月,137****0852,深圳市光明新区马田街道新围第二工业区B3,全职,"1.防止不合格物料流入生产线及客户。
2.测试产品，看外观，来料检验"
临时工,深圳市志誉科技有限公司,49人及以下,广东省深圳市光明区,初中,无工作经验要求,5000-7000元/月,137****0852,深圳市光明新区马田街道新围第二工业区B3,全职,长白班，坐班。
商品营业员,佛山市汇千乐器有限公司,49人及以下,广东省佛山市禅城区,大学专科,1年以下,4000-8000元/月,139****0600,佛山市禅城区建新路103号七座首层P3号,全职,"🎸 高薪诚聘乐器直播达人（吉他弹唱/乐器配件方向）‌

🔥 我们需要这样的你‌
‌才艺担当‌：吉他弹唱高手or乐器配件专家，能用音乐点燃直播间；
‌表达力MAX‌：镜头感强，能边弹边聊，把产品变成有趣的故事；
‌销售潜力股‌：有直播/销售经验者优先，懂用户心理会互动；
‌抗压小能手‌：适应快节奏直播，团队协作意识强。
‌💼 你的日常工作‌
✅ 每日直播展示才艺+讲解乐器配件，用专业圈粉；
✅ 策划弹唱挑战、限时折扣等活动，提升用户粘性；
✅ 分析粉丝需求，与运营团队共创爆款直播方案。

‌🌟 我们为你提供‌
‌超值福利‌：底薪3500+高提成（月入5000+很轻松）、中午包吃、周休1天；
‌成长支持‌：专业设备+直播技巧培训，助你快速上手；
‌发展空间‌：优秀者可晋升直播组长/运营合伙人。"
助理经理岗（退伍军人）,碧桂园生活服务集团股份有限公司陆丰分公司,100-299人,广东省汕尾市陆丰市,普通高中,无工作经验要求,7000-8000元/月,139****8570,陆丰市东海镇龙湖路北侧上海路西侧陆丰碧桂园浪琴湾一街七栋二楼,全职,负责组织实施物业项目各服务环节的管理工作，维护小区/楼宇的日常物业管理服务，包括但不限于客户服务管理、环境管理、安全秩序管理、设施维修管理等工作
家居保洁员,茂名伟林家政服务有限公司湛江开发区分公司,50-99人,广东省湛江市湛江经济技术开发区,无学历要求,无工作经验要求,3950-5000元/月,178****8275,荣盛15栋1514房,全职,"（公司直招，无押金，不考证，免费培训，只搞卫生）
岗位要求：吃苦耐劳、有责任心、服从管理，上门给顾客整理家庭卫生。
工作时间：8:00-11:15，14:00-17:15.（每天只上6.5小时）
薪资待遇：3950(含全勤奖)+奖金+提成+社保，月休两天、过年带薪休假7天（以上均带薪休假）。
招聘地点：湛江赤坎、霞山、吴川，茂名高州、化州、电白、茂南（除面试和培训半天需到公司，其他时间不用坐班，直接到工作地点即可）
工作地点：根据你所住区域就近安排，赤坎就安排赤坎区，霞山就安排霞山区，不跨区域安排"
餐饮学徒,广东华国仕餐饮有限公司,,广东省惠州市惠东县,无学历要求,无工作经验要求,3000-5000元/月,134****0579,惠州市惠东县大岭街道前进街3号一楼第1103-1105商铺,全职,"1.主要做汉堡炸鸡，确保食品质量和口味; 2.需要对工作环境进行日常清洁和维护，保证卫生标准 3.配合团队完成日常工作任务,确保工作效率。 任职要求: 1.无需特定教育背景，有兴趣者将提供免费培训 2.重视团队合作； 3.工作态度认真，能够承担工作压力。"
阿里巴巴运营,惠州万合包装有限公司,50-99人,广东省惠州市惠东县,大学专科,1-3年,6000-11000元/月,136****4628,广东省惠东县大岭街道长隆路9号,全职,1、负责实力商家店铺运营推广，提高排名，优化关键词; 2、精通阿里排名数据规则，制定营销推广方家案 3、分析用户需求，并以此制定店铺和产品装修和品牌形象的方案并实施; 4、定期提交推广报告，根据流量、咨询量、转化率、推广效果等数据做全方位阶段性评估； 【任职资格】 1、大专以上学历，至少2年以上阿里工作经验有成功案例优先; 2、熟悉数字营销各种推广手段; 3、对数据变化敏感，具备良好的分析判断能力 4、思维清晰，工作细心，有较强的文字编辑能力、数据分析能力; 5、善于沟通，有责任心，具备较强的执行能力、团队协作精神。
打荷,惠州市泰嘉盛餐饮有限公司,,广东省惠州市惠东县,普通高中,1-3年,4000-5000元/月,138****9028,惠东县大岭东进大道尾（左侧）,全职,1.协助厨师准备食材，确保食材新鲜及符合卫生标准； 2.负责菜品的初步加工处理，如切配、腌制等； 3.保持工作区域的清洁与整洁，确保食品安全; 4.配合厨房团队完成日常烹饪任务，提高工作效率 任职要求: 1.具备良好的动手能力和对食材的敏感度; 2.有较强的责任心，能够适应快节奏的工作环境 3.服从管理，具备良好的团队合作精神； 4.对餐饮行业有热情，愿意学习新技能。
电工,惠州市泰嘉盛餐饮有限公司,,广东省惠州市惠东县,无学历要求,无工作经验要求,5000-6000元/月,138****9028,惠东县大岭东进大道尾（左侧）,全职,"1、负责餐厅日常电气设备的检查与维护，确保设备正常运行; 2、及时处理电气设备故障,保障餐厅正常营业 3、执行电气设备的预防性保养计划，减少故障发生; 4、参与新设备或电气系统的安装与调试工作 5、遵守安全操作规程，执行安全检查和整改任务 任职要求: 1、持有有效的电工操作证书; 2、具备餐饮行业或商业场所电气系统维护经验 3、熟悉常用电气设备的原理及维修方法; 4、良好的问题解决能力和动手能力; 5、责任心强，能够适应灵活的工作时间安排。"
楼面经理,惠州市泰嘉盛餐饮有限公司,,广东省惠州市惠东县,普通高中,1-3年,6000-7000元/月,138****9028,惠东县大岭东进大道尾（左侧）,全职,"1.负责餐厅日常运营管理工作,确保服务质量和顾客满意度； 2.统筹团队排班、订货及人力资源管理，优化资源配置； 3.监督执行公司标准流程，维护餐厅环境卫生和食品安全; 4.分析经营数据，制定改进措施，推动营业额和利润目标的达成。 任职要求: 1.具备餐饮行业管理经验; 2.优秀的团队领导能力和沟通协调能力，能够激励团队； 3.对餐饮行业有热情，具有较强的服务意识和顾客导向思维; 4.能够适应快节奏的工作环境，具备良好的压力管理能力。"
产品技术类,锐湃动力科技有限公司,500-999人,广东省广州市番禺区,大学本科,无工作经验要求,13-17万元/年,,广州市番禺区石楼镇金轩三路683号,全职,1.负责电驱总成电控、电机、减速箱设计方案评审校核及改善，包括加工工艺、装配工艺与零部件成本优化等:2.负责电驱总成及零部件图纸等数据评审及改善:3.负责电驱总成及零部件试制试验问题点解析改善4.负责电驱系统及零部件的技术调查、行业技术交流，负责电驱总成及零部件产品技术标准汇编及解读应用:5.了解新能源电驱系统及零部件的结构及原理、CATIA 等三维软件的应用优先考虑。
品质技术类,锐湃动力科技有限公司,500-999人,广东省广州市番禺区,大学本科,无工作经验要求,13-17万元/年,,广州市番禺区石楼镇金轩三路683号,全职,"1.运用专业或技术处理和解决现场生产质量问题:2.与研发部门对接产品技术方案，并对数据进行评审:3.与零部件供应商的工艺方案进行评审:
4.建立并完善供应商质量管理体系，制定品质目标并进行供应商品质培育策划，确保零件各阶段品质满足项目要求:
5.处理供应商产品质量问题，协助供应商进行问题改善提升:6.了解新能源电驱系统及零部件的结构及原理、CATIA 等三维软件的应用优先考虑。"
2026届海内外高校本、硕、博应届毕业生,因湃电池科技有限公司,,广东省广州市番禺区,大学本科,无工作经验要求,15-30万元/年,020****9316,广州市番禺区石楼镇龙泽路239号,校招,"五大领域，释放澎湃潜能：
产品技术、工艺、智能制造、质量、数字化
招聘专业：
机械类、电气类、自动化类、计算机类、材料类、化学类等专业"
工艺工程师,因湃电池科技有限公司,,广东省广州市番禺区,大学本科,无工作经验要求,20-50万元/年,020****9316,广州市番禺区石楼镇龙泽路239号,全职,"岗位职责：
1. 负责电芯、模组 PACK 工艺开发及设备导入，工艺标准建立和技术文件编制；
2. 负责新工艺、新材料开发及导入，现场工艺验证及问题点改善；
3. 负责推进设备调试、验收及交付生产，确保产能爬坡及产线优率达成；
4. 负责不合格品分析和改善，持续提升良率，降低生产成本；
5. 负责对量产提供全生命周期技术支持，主导重大技改、重大课题解决、总结及标准化等工作。

任职要求：
1.本科及以上学历，材料科学与工程、化学工程、机械工程等相关专业；​
2.3年以上电芯 / 模组 PACK 行业工艺相关工作经验，了解电芯制作、模组组装及 PACK 集成工艺者优先；​
3.具备工艺问题分析与解决能力，可熟练使用办公软件及基础工艺分析工具；​
4.具备较强的责任心与执行力，能适应生产现场工作节奏。"
AI数据商务经理,广州宸祺出行科技有限公司,,广东省广州市黄埔区,大学本科,无工作经验要求,20-40万元/年,,广州市黄埔区开泰大道30号T5栋,全职,"1.根据公司发展和目标拆解，面向车企、自动驾驶公司、Tier1进行业务拓展，承担完成公司业绩指标。
2.以数据标注、高精地图、仿真等智驾工具链产品炜核心产品，具备产品型商务的综合能力，熟悉整车厂产品规划及研发流程，负责与研发侧的智能网联、自动驾驶等工程部门，以及质量、IT、规划等部门日常对接，深入挖掘客户需求，制定整体的产品策略和商务策略。
3.熟悉整车厂商务流程，负责与采购、物流、财务等部门的日常对接。维护已有项目下单，结算回款等商务工作，积极拓展新项目，牵头完成RFQ评估、商务谈判、合同签订等环节。
4.将客户信息和需求，及时有效的传递给公司内部各团队，协调内部团队以一个整体，完成项目交付。
5.及时归纳反馈车企的痛点和诉求点，协调推动产品升级。"
加盟商管理,广州宸祺出行科技有限公司,,广东省广州市黄埔区,大学本科,无工作经验要求,15-20万元/年,,广州市黄埔区开泰大道30号T5栋,全职,"1、负责区域渠道商日常管理业务；
2、负责网约车渠道商日常业绩考核跟进，包括但不限于绩效管理、收益管理、服务管理等工作；
3、负责定期召开渠道商月度例会、周例会，对渠道商进行运营政策宣导工作；
4、负责对接交通局、交委等客路运输主责部门，跟进落实主管部门任务指标，维护政企关系；
5、根据政策变动，及时与渠道商进行宣贯，保证经营稳定；
6、完成上级交待的其他事务。"
点云渲染开发工程师,广州宸祺出行科技有限公司,,广东省广州市黄埔区,大学本科,无工作经验要求,30-40万元/年,,广州市黄埔区开泰大道30号T5栋,全职,"1、研究实现海量点云数据的Web端渲染可视化工作，保证渲染效率流畅性与可视化效果；
2、负责大规模点云数据的优化、压缩、存储工作，参与设计实现海量点云数据管理技术方案；
3、跨团队协作与技术攻关，研究追踪行业前沿技术，同算法等团队共同合作解决专业技术难题，支撑业务需求。"
楼面主任,惠州市泰嘉盛餐饮有限公司,,广东省惠州市惠东县,普通高中,1-3年,5000-6000元/月,138****9028,惠东县大岭东进大道尾（左侧）,全职,1.负责楼面日常管理，确保服务流程顺畅高效; 2.监督员工的服务质量，提升顾客用餐体验； 3.处理顾客投诉，维护品牌形象； 4.协调前厅与后厨的沟通，确保信息准确传达; 5.负责班次人员安排与任务分配，保证团队高效运作。 任职要求: 1.具备良好的沟通能力和团队管理能力; 2.熟悉餐饮行业运作，有相关工作经验者优先; 3.能够处理突发事件，具有较强的应变能力; 4.注重细节，有较强的责任心和服务意识; 5.能够适应快节奏的工作环境，保持积极的工作态度。
质量工程师,广州中新延锋彼欧汽车外饰系统有限公司,100-299人,广东省广州市番禺区,大学本科,无工作经验要求,15-25万元/年,181****2490,广东省广州市番禺区石楼镇金轩三路691号,全职,"（有华望客户对接经验优先考虑）为了满足客户供货要求，定义批产后生产过程质量控制要求，指导生产部门开展实物质量控制和质量问题解决，与TC  和制造系统部合作进行工艺开发并进行持续改进。 
1. 了解客户的质量要求，掌握客户对供应商管理的流程或者要求，按客户要求开展工作；
2. 走访客户，听取客户建议，掌握公司产品在客户处的加工流程及相关的负责人、联系人；
3. 及时将客户抱怨反馈至公司相关部门，协助内部相关部门分析问题，按客户要求监督责任部门的整改进度，并及时回复客户；
4. 收集客户处质量信息，包括外部PPM值、Audit扣分、质量缺陷等；
5. 确认客户退货产品的质量问题，判断报废责任，按流程办理报废手续；
6. 及时了解客户的物流、产品加工的变更情况，及时反馈至公司内部；
7. 传递客户质量标准至工厂，配合过程质量工程师及时解决客户问题。"
汽车座椅生产经理,广州华智汽车部件有限公司,,广东省广州市番禺区,大学本科,无工作经验要求,15-30万元/年,188****1463,广东省广州市番禺区化龙镇金荷二路30号,全职,"1.管理UAP团队：根据组织的健康、安全和环境(HSE)标准来确保进行适当的人员，维护工作环境，发现并提出培训需求，共享信息（透明性），参与职业发展的启动等。
2.遵循生产计划以及总部的标准程序；确保生产计划的可行性。
3.达成财务目标：准备并提供UAP预算；基于""理想""成本管理实际生产成本；保证产品利润并监控生产效率（劳动力水平、材料损耗等）。
4.参与精益生产(PSE)项目的创建。
5.与支持部门就库存、设备、人员、活动等协调资源计划。
6.实施行动计划，进行必要的调整，以促进功能/生产率的改进并达到项目目标和总部目标。
7.参与新项目管理，负责项目阶段的人员准备，培训，完成试生产任务，达到预期的质量和产量目标。参与项目阶段的各项评审，提出意见，并实施改进。
8.维护指标/状态报表，以监控产量完成，质量目标，人员效率，HSE执行情况等。
9. 配合其他部门的工作，从而更好地完成公司的目标."
工业工程师,广州华智汽车部件有限公司,,广东省广州市番禺区,大学本科,无工作经验要求,15-20万元/年,188****1463,广东省广州市番禺区化龙镇金荷二路30号,全职,"1、根据持续改进推进流程，策划并组织确认公司的持续改进实施计划；
2、协助工厂各职能部门科室、生产区域挖掘持续改进项目机会，并完成年度重点改进项目的选项；
3、定期审核标准工时定额；
4、组织回顾CSS降本数据，每月回顾并发布，辅导和跟踪各类持续改进项目，并对异常情况进行处理或预警，确保降本目标达成；
5、组织与重点改进项目相关的推进会，以促进项目的正常开展；
6、协调和指导本工厂CI项目日常推进（包括新项目）和成熟度评估，挖掘当前的瓶颈约束点和改进机会，并定期完成评估报告；
7、组织多基地交流、持续改进自主研修等活动；
8、担任持续改进相关课程的培训讲师或教练，或开发相关辅导课程，对相关人员实施培训；
9、参与持续改进活动的宣传、组织和落实。"
制造工艺工程师（宜昌）,广州华智汽车部件有限公司,,广东省广州市番禺区,大学本科,无工作经验要求,15-20万元/年,188****1463,"广东省广州市番禺区化龙镇金荷二路30号
湖北省宜昌市猇亭区猇亭大道189号2-4厂房",全职,"1、负责新产品设备工装开发导入，技术标准制订方案评审，制作进度管理；
2、负责生产现场各工序操作法的编制与归档工作、工艺条件设定及管理；
3、负责生产工艺管理工作，制订相关规章制度，制订产品工艺和技术操作规程，检查督促生产部门贯彻执行；
4、负责生产工艺改进信息的收集、验证和实施；
5、生产技术相关标准资料制作更新如：式样书、FMEA、流程图、操作指导书、标准工时等；
6、负责生产过程中与技术相关的过程质量控制、可追溯标识的管理；
7、SAP相关工作如：工作中心、工艺路线创建/维护等相关工作。"
制造工艺工程师,广州华智汽车部件有限公司,,广东省广州市番禺区,大学本科,无工作经验要求,15-20万元/年,188****1463,广东省广州市番禺区化龙镇金荷二路30号,全职,"1、负责新产品设备工装开发导入，技术标准制订方案评审，制作进度管理；
2、负责生产现场各工序操作法的编制与归档工作、工艺条件设定及管理；
3、负责生产工艺管理工作，制订相关规章制度，制订产品工艺和技术操作规程，检查督促生产部门贯彻执行；
4、负责生产工艺改进信息的收集、验证和实施；
5、生产技术相关标准资料制作更新如：式样书、FMEA、流程图、操作指导书、标准工时等；
6、负责生产过程中与技术相关的过程质量控制、可追溯标识的管理；
7、SAP相关工作如：工作中心、工艺路线创建/维护等相关工作。"
座椅质量工程师（宜昌）,广州华智汽车部件有限公司,,广东省广州市番禺区,大学本科,无工作经验要求,15-20万元/年,188****1463,"广东省广州市番禺区化龙镇金荷二路30号
湖北省宜昌市猇亭区猇亭大道189号2-4厂房",全职,"1)	按项目大日程，对新项目开发过程整体进行推进管控，达成大日程阶段时间要求和品质要求，满足客户；
2)	对新项目质量费用假设作成并进行有效管控；
3)	对新供应商及生准阶段重点管理供应商进行协助监察；
4)	对新产品阶段达成进行评审改善； 
5)	零件开发阶段达成推进；监督SQE完成新零件各阶段质量工程要素内容；
6)	监督新项目开发区设变管理表运行；
7)	按项目日程对产品开发制定品质保证计划，推进计划管理，达成项目要求  ；
8)	新项目开发过程中协调相关部门对产品质量推进相关事项，确保按计划完成；
9)	制定新产品PPAP资料建立，及时更新有效性，完善公司体系运行；
10)	按计划完成新产品推进过程中承担的工作任务；
11)	对新项目开发过程中，主导或协助内部及客户反馈问题点分析提出改善建议；
12)	按计划完成QSO阀门资料签批；
13)	接受上级交代的工作任务和指示；"
座椅质量工程师,广州华智汽车部件有限公司,,广东省广州市番禺区,大学本科,无工作经验要求,15-20万元/年,188****1463,广东省广州市番禺区化龙镇金荷二路30号,全职,"1)	按项目大日程，对新项目开发过程整体进行推进管控，达成大日程阶段时间要求和品质要求，满足客户；
2)	对新项目质量费用假设作成并进行有效管控；
3)	对新供应商及生准阶段重点管理供应商进行协助监察；
4)	对新产品阶段达成进行评审改善； 
5)	零件开发阶段达成推进；监督SQE完成新零件各阶段质量工程要素内容；
6)	监督新项目开发区设变管理表运行；
7)	按项目日程对产品开发制定品质保证计划，推进计划管理，达成项目要求  ；
8)	新项目开发过程中协调相关部门对产品质量推进相关事项，确保按计划完成；
9)	制定新产品PPAP资料建立，及时更新有效性，完善公司体系运行；
10)	按计划完成新产品推进过程中承担的工作任务；
11)	对新项目开发过程中，主导或协助内部及客户反馈问题点分析提出改善建议；
12)	按计划完成QSO阀门资料签批；
13)	接受上级交代的工作任务和指示；"
采购工程师,广州华智汽车部件有限公司,,广东省广州市番禺区,大学本科,无工作经验要求,15-20万元/年,188****1463,广东省广州市番禺区化龙镇金荷二路30号,全职,"一.供应商开发及管理 
1、开发并维护满足客户需求、低成本、高品质的供应商队伍，以支持公司后续发展需求 
2、与技术中心协作，寻找新的技术方案达到客户期望 
3、协助质量、物流、生产及供应商持续改进供应商质量、交付表现 
二.供应商定点 
1、完成所负责商品类供应商的选择，并监督供应商表现 
2、协同财务一起完成项目成本目标达成 
三.成本控制 
1、在公司制定的年度降价目标情况下，按时完成供应商年度降价谈判及合同签订 
2、新项目在确保公司利润前提下，在项目要求日程内完成所有零件的定点 四.公司需求完成或上司交代的其他工作"
应收应付会计/总账会计,广州华智汽车部件有限公司,,广东省广州市番禺区,大学本科,无工作经验要求,15-20万元/年,188****1463,广东省广州市番禺区化龙镇金荷二路30号,全职,"1、确保公司资产、负债、所有者权益、收入、费用、利润的准确核算；
2、确保财务报告符合会计信息质量要求（可靠性、相关性、可理解性、可比性、实质重于形式、重要性、谨慎性和及时性）；					
3、抽检核算会计所有账务处理的正确性；
4、月度检查所有会计科目，确保账务做到日清月结；
5、发布月度、年度结账通知与计划；每月完成总账及分类账之间对账，完成财务结账；
6、编制公司财务报告，按投资方或管理者的要求出具财务报告以及相关财务分析报告（财务快报、财务总监报告、会计报表、TA报表、广汽部件报告、董事会报告等）；
7、日常维护ERP总账科目的有效性及完整性；
8、协助会计师事务所完成年度审计报告及所得税汇算清缴报告的出具；	"
