价格,标签,标题,产品简介,昵称,区域,标题详情
3.70,包邮,2025新版猿来教育13期樵夫Python爬虫高级开发从入门 到精通最新13期 完整版61节！ 目前官网在售最新版本，视频完整，资料齐全！  标价即售价，拍下秒发货   法律声明:本店所有资源均通过网络等公开合法渠道获取，仅供个人学习交流使用，并无任何商业目的。其版权归原创作者或出版社所有，如有侵权请...,无,罗马蓝鲸,广东,2025新版猿来教育13期樵夫Python爬虫高级开发从入门 到精通最新13期 完整版61节！ 目前官网在售最新版本，视频完整，资料齐全！  标价即售价，拍下秒发货   法律声明:本店所有资源均通过网络等公开合法渠道获取，仅供个人学习交流使用，并无任何商业目的。其版权归原创作者或出版社所有，如有侵权请...
50,包邮,python爬虫接单 爬虫数据抓取 爬虫可视化 数据处理 可爬取网页公开的数据、评论、文章、图片等。数据须合规，高效开发，认真负责！ 爬文字 爬图片 爬评论 爬评价 数据抓取 数据分析 数据处理 数据可视化 js逆向 都可以。 简单的复杂的加密的爬虫单都可接。 可爬数据、也可爬虫程序您自助采集...,无,crawler,河南,python爬虫接单 爬虫数据抓取 爬虫可视化 数据处理 可爬取网页公开的数据、评论、文章、图片等。数据须合规，高效开发，认真负责！ 爬文字 爬图片 爬评论 爬评价 数据抓取 数据分析 数据处理 数据可视化 js逆向 都可以。 简单的复杂的加密的爬虫单都可接。 可爬数据、也可爬虫程序您自助采集...
18,包邮,个人在做，python爬虫、爬虫、爬取网站、js逆向 小程序爬取、数据获取，数据清洗，数据可视化 网页数据抓取、公众号爬取 包括其他自动化脚本定制，excle数据提取以及批量处理都可 本人可接爬虫业务 不达要求支持全额退款,9天内降价,天狼星高高的苹果,天津,个人在做，python爬虫、爬虫、爬取网站、js逆向 小程序爬取、数据获取，数据清洗，数据可视化 网页数据抓取、公众号爬取 包括其他自动化脚本定制，excle数据提取以及批量处理都可 本人可接爬虫业务 不达要求支持全额退款
2,包邮,2024年11月新版python教程自学全套基础入门学习爬虫 数据分析视频  下面图片介绍资源全部打包发你非常超值  【全部打包网盘自动发货】需要的直接点我想要，购买就可以，然后我发你课程网盘链接，你打开链接保存到自己网盘，永久观看哦,无,太平洋漂流的珊瑚虾,湖南,2024年11月新版python教程自学全套基础入门学习爬虫 数据分析视频  下面图片介绍资源全部打包发你非常超值  【全部打包网盘自动发货】需要的直接点我想要，购买就可以，然后我发你课程网盘链接，你打开链接保存到自己网盘，永久观看哦
8,包邮,python招聘推荐系统+爬虫+可视化（协同过滤算法） ✅️直接拍，包括： ✅️有配套lun文 2w字   ✅️答辩ppt ✅️爬虫可用 ✅️后台管理  本项目利用 Python 从某招聘网站抓取海量招聘数据，进行数据清洗和格式化后存储到关系型数据库中（如mysql），利用 Django +...,无,Ai鲨鱼辣椒,上海,python招聘推荐系统+爬虫+可视化（协同过滤算法） ✅️直接拍，包括： ✅️有配套lun文 2w字   ✅️答辩ppt ✅️爬虫可用 ✅️后台管理  本项目利用 Python 从某招聘网站抓取海量招聘数据，进行数据清洗和格式化后存储到关系型数据库中（如mysql），利用 Django +...
10,包邮/极好,Python爬虫定制｜数据爬取服务  可精准抓取网页公开内容：评论、 Python爬虫定制｜数据爬取服务  可精准抓取网页公开内容：评论、文章、各类数据、图片等，按需定制爬取方案~  [new]附加服务  问题解决、安装调试、环境配置，一站式搞定技术难题！  ⚠️重要声明,无,黑家伙的账号,湖北,Python爬虫定制｜数据爬取服务  可精准抓取网页公开内容：评论、 Python爬虫定制｜数据爬取服务  可精准抓取网页公开内容：评论、文章、各类数据、图片等，按需定制爬取方案~  [new]附加服务  问题解决、安装调试、环境配置，一站式搞定技术难题！  ⚠️重要声明
50,包邮,python习题，爬虫，脚本 感兴趣的话点“我想要”和我私聊吧～,20小时前发布,Perterpanda,河南,python习题，爬虫，脚本 感兴趣的话点“我想要”和我私聊吧～
4.80,包邮,2025新版老男孩Python全栈30期，涵盖Python基 础、Web开发、爬虫、AI等  [钉子]课程内容丰富，讲解深入，适合零基础入门到进阶学习就业 [火]视频资料齐全，不加密可直接在线观看 [火]标价即售价，拍下之后秒发货    法律声明:本店所有资源均通过网络等公开合法渠道获取，仅供个人学习...,无,罗马蓝鲸,广东,2025新版老男孩Python全栈30期，涵盖Python基 础、Web开发、爬虫、AI等  [钉子]课程内容丰富，讲解深入，适合零基础入门到进阶学习就业 [火]视频资料齐全，不加密可直接在线观看 [火]标价即售价，拍下之后秒发货    法律声明:本店所有资源均通过网络等公开合法渠道获取，仅供个人学习...
1,包邮,【无密●秒发】2025年新版老男孩Python全栈30期 [号外]课程包含：Python基础、MySQL数据库、Web开发、Django、爬虫、小程序、就业面试等 [hot]课程内容丰富，讲解深入，适合零基础入门到进阶学习就业 [火]视频资料齐全，不加密可直接在线观看 [火]标价即售价，拍下之后...,无,祖传电脑维护,广东,【无密●秒发】2025年新版老男孩Python全栈30期 [号外]课程包含：Python基础、MySQL数据库、Web开发、Django、爬虫、小程序、就业面试等 [hot]课程内容丰富，讲解深入，适合零基础入门到进阶学习就业 [火]视频资料齐全，不加密可直接在线观看 [火]标价即售价，拍下之后...
10,包邮,python爬虫、爬虫、爬取网站、js逆向 小程序爬取、数 个人在做，python爬虫、爬虫、爬取网站、js逆向 小程序爬取、数据获取，数据清洗，数据可视化 网页数据抓取、公众号爬取 包括其他自动化脚本定制，excle数据提取以及批量处理都可 本人可接爬虫业务 不达要求支持全额退款,无,阿豹yoya,湖北,python爬虫、爬虫、爬取网站、js逆向 小程序爬取、数 个人在做，python爬虫、爬虫、爬取网站、js逆向 小程序爬取、数据获取，数据清洗，数据可视化 网页数据抓取、公众号爬取 包括其他自动化脚本定制，excle数据提取以及批量处理都可 本人可接爬虫业务 不达要求支持全额退款
27,包邮,爬虫抓取数据、网络爬虫、数据爬虫、python爬取数据、数据 采集、数据分析、数据抓取、爬虫数据采集、python爬虫项目、python数据清洗、python数据分析与可视化、python办公自动化、python爬虫、数据处理、python数据可视化、python词云图、python可视化... _ ...,9天内降价,想要飞的带鱼,浙江,爬虫抓取数据、网络爬虫、数据爬虫、python爬取数据、数据 采集、数据分析、数据抓取、爬虫数据采集、python爬虫项目、python数据清洗、python数据分析与可视化、python办公自动化、python爬虫、数据处理、python数据可视化、python词云图、python可视化... _ ...
3.99,包邮,Python豆瓣电影爬虫，轻松爬取全部电影信息 用Python写的爬虫，功能强大，能爬取的信息有： 电影名称，导演，演员，上映时间，地区，评分，评论，电影简介，时长，电影类型，语言等18个。  【附赠数据】 已爬2万条数据，拍下即得，省时省力 想自己爬的话，两三万条也没问题  需要的...,无,爱吃西红柿,广东,Python豆瓣电影爬虫，轻松爬取全部电影信息 用Python写的爬虫，功能强大，能爬取的信息有： 电影名称，导演，演员，上映时间，地区，评分，评论，电影简介，时长，电影类型，语言等18个。  【附赠数据】 已爬2万条数据，拍下即得，省时省力 想自己爬的话，两三万条也没问题  需要的...
30,包邮/极好,Python爬虫代码代写，专业做kegg数据库爬取分析，熟悉 BeautifulSoup和requests库，可定制化爬取指定数据，返回JSON格式。价格可议，有需要的朋友欢迎私聊，可以先看案例，保证质量满意再付款。支持远程调试，有问题随时答疑。,无,只会写亿点点代码丶,重庆,Python爬虫代码代写，专业做kegg数据库爬取分析，熟悉 BeautifulSoup和requests库，可定制化爬取指定数据，返回JSON格式。价格可议，有需要的朋友欢迎私聊，可以先看案例，保证质量满意再付款。支持远程调试，有问题随时答疑。
50,包邮/良好,Python爬虫服务接单～多年经验，轻松搞定！ 支持微博、豆瓣、携程、抖音等主流网站数据抓取，已爬过的网站超过500个！  服务亮点： - 提供源代码或抓取结果，按需定制。 - 支持验证码、加密算法等复杂解析。 - 使用Scrapy、Requests、Selenium等框架。  价格...,无,AA内网穿透，运维AA,辽宁,Python爬虫服务接单～多年经验，轻松搞定！ 支持微博、豆瓣、携程、抖音等主流网站数据抓取，已爬过的网站超过500个！  服务亮点： - 提供源代码或抓取结果，按需定制。 - 支持验证码、加密算法等复杂解析。 - 使用Scrapy、Requests、Selenium等框架。  价格...
100,包邮,Python爬虫，数据抓取，本店铺爬过微博，豆瓣，携程，抖音 等主流网站，爬过的网站少说也有500个  [绿圆]本人多年抓取工作经验。 你提供网站或者接口地址，我给你抓取的源代码或结果  [黄圆]支持各种复杂解析，文本字段抽取，验证码，加密算法等。 按网站抓取难度计费，欢迎发网站测试。  [红圆]代码...,无,python快做帮手,上海,Python爬虫，数据抓取，本店铺爬过微博，豆瓣，携程，抖音 等主流网站，爬过的网站少说也有500个  [绿圆]本人多年抓取工作经验。 你提供网站或者接口地址，我给你抓取的源代码或结果  [黄圆]支持各种复杂解析，文本字段抽取，验证码，加密算法等。 按网站抓取难度计费，欢迎发网站测试。  [红圆]代码...
4,包邮,"【自动发货】python招聘推荐系统+爬虫+可视化（协同过滤 算法）

✅️直接拍，包括：
✅️有配套lun文 2w字  
✅️答辩ppt
✅️爬虫可用
✅️后台管理

本项目利用 Python 从某招聘网站抓取海量招聘数据，进行数据清洗和格式化后存储到关系型数据库中（如mysql），利用 Django + MySQL + Echarts 搭建招聘信息可视化分析系统，实现不同岗位的学历要求、工作经验、技能要求、薪资待遇等维度的可视化分析。同时依据用户需求，运用协同过滤推荐算法来实现热门岗位的推荐。

技术栈:    Django框架、协同过滤推荐算法、",无,tbNick_1bldc,江苏,【自动发货】python招聘推荐系统+爬虫+可视化（协同过滤 算法）✅️直接拍，包括：✅️有配套lun文 2w字  ✅️答辩ppt✅️爬虫可用✅️后台管理本项目利用 Python 从某招聘网站抓取海量招聘数据，进行数据清洗和格式化后存储到关系型数据库中（如mysql），利用 Django + MySQL + Echarts 搭建招聘信息可视化分析系统，实现不同岗位的学历要求、工作经验、技能要求、薪资待遇等维度的可视化分析。同时依据用户需求，运用协同过滤推荐算法来实现热门岗位的推荐。技术栈:    Django框架、协同过滤推荐算法、
7.77,极好,爬虫接单 Python 爬虫 数据采集 网页采集 各种简单的复杂的加密的爬虫单都接   可爬数据、也可写爬虫程序您自助采集数据。 如招聘数据，小说，工商公司数据，wb等等等等    看得到的才能爬得到，经常有人问能不能爬别人的服务器啥的，大兄弟，违法！   所有交易走闲鱼平台，交易及售...,无,weimmwei,福建,爬虫接单 Python 爬虫 数据采集 网页采集 各种简单的复杂的加密的爬虫单都接   可爬数据、也可写爬虫程序您自助采集数据。 如招聘数据，小说，工商公司数据，wb等等等等    看得到的才能爬得到，经常有人问能不能爬别人的服务器啥的，大兄弟，违法！   所有交易走闲鱼平台，交易及售...
100,极好,Python爬虫开发，简单100复杂30 Python爬虫接单，简单的一律100，复杂的300，搞不定不收费！ 关注我享受粉丝价！纯技术暖男，被逼接爬虫！敲的代码比吃的盐粒都多！各种简单的、复杂的、有难度的爬虫单都接！ 不需要您捋清需求，具体需求我来捋顺！ 不需要您死磕规则，详细业...,6天内降价,AA云启科技,辽宁,Python爬虫开发，简单100复杂30 Python爬虫接单，简单的一律100，复杂的300，搞不定不收费！ 关注我享受粉丝价！纯技术暖男，被逼接爬虫！敲的代码比吃的盐粒都多！各种简单的、复杂的、有难度的爬虫单都接！ 不需要您捋清需求，具体需求我来捋顺！ 不需要您死磕规则，详细业...
100,包邮/良好,"Python爬虫数据采集接单 Python爬虫接单！专业数据采集，价格实惠
【服务范围】
- 微博、知乎、豆瓣等社交媒体数据
- 百度小说、新闻、帖子等公开数据
- 网页内容提取、商品信息采集等
【优势】
- 团队经验丰富，数据准确
- 可接急单，一站式服务
- 支持定制化需求
【工期】1-5天内完成
【售后】7天维护期
感兴趣的朋友欢迎点""我想要""私聊详谈～
价格好商量，欢迎咨询！",2天内降价,#清华保送生#,湖北,"Python爬虫数据采集接单 Python爬虫接单！专业数据采集，价格实惠【服务范围】- 微博、知乎、豆瓣等社交媒体数据- 百度小说、新闻、帖子等公开数据- 网页内容提取、商品信息采集等【优势】- 团队经验丰富，数据准确- 可接急单，一站式服务- 支持定制化需求【工期】1-5天内完成【售后】7天维护期感兴趣的朋友欢迎点""我想要""私聊详谈～价格好商量，欢迎咨询！"
4.80,包邮,【千锋教育】千锋Python全栈Python全栈高性能API 接口服务爬虫数据分析课     [火]标价即售价，拍下秒发货 [火]后续有赠送优质课程   [红圆]包括： Python基础，Python办公自动化，web前端，linux操作系统，mysql数据库，flask框架，django框架，爬虫，...,无,罗马蓝鲸,广东,【千锋教育】千锋Python全栈Python全栈高性能API 接口服务爬虫数据分析课     [火]标价即售价，拍下秒发货 [火]后续有赠送优质课程   [红圆]包括： Python基础，Python办公自动化，web前端，linux操作系统，mysql数据库，flask框架，django框架，爬虫，...
3.68,包邮,2024年11月新版python教程自学全套基础入门学习爬虫 数据分析视频[火][火]标价发链接介绍的全部!!!标价就 2024年11月新版python教程自学全套基础入门学习爬虫数据分析视频 [火][火]标价发链接介绍的全部!!! 标价就是售价直接拍就可以。   注意： 产品均为百度或夸克网盘随机发...,无,南宋的饭饱饱,陕西,2024年11月新版python教程自学全套基础入门学习爬虫 数据分析视频[火][火]标价发链接介绍的全部!!!标价就 2024年11月新版python教程自学全套基础入门学习爬虫数据分析视频 [火][火]标价发链接介绍的全部!!! 标价就是售价直接拍就可以。   注意： 产品均为百度或夸克网盘随机发...
10,包邮/极好,python爬虫接单 数据采集 评论 图片 小说等在线接单。   可采集公开的电脑网络网站网页数据爬取，手机app小程序公众号数据以及数据处理，爬文字爬评论，文章，数据，图片等，数据须合法合规，可见即所得，看得到的才能采集的到，认真负责！   只要需求说清...,无,黑家伙的账号,山西,python爬虫接单 数据采集 评论 图片 小说等在线接单。   可采集公开的电脑网络网站网页数据爬取，手机app小程序公众号数据以及数据处理，爬文字爬评论，文章，数据，图片等，数据须合法合规，可见即所得，看得到的才能采集的到，认真负责！   只要需求说清...
1.20,包邮/极好,"夜猫编程Python爬虫JS逆向进阶课 (录播课＋答疑)从零基础到高薪就业编程课
js基础/逆向，爬虫实战，加密算法……课程无加密
ps：仅视频，无资料
详细目录请留言自动获取
♥♥♥♥♥♥♥
♥24h  自动发货♥
♥♥♥♥♥♥♥",无,疯狗网创,山东,夜猫编程Python爬虫JS逆向进阶课 (录播课＋答疑)从零基础到高薪就业编程课js基础/逆向，爬虫实战，加密算法……课程无加密ps：仅视频，无资料详细目录请留言自动获取♥♥♥♥♥♥♥♥24h  自动发货♥♥♥♥♥♥♥♥
8,包邮,"数据采集，python爬虫，小红书，微博，淘宝，京东等等 个人开发者，非代理他人软件
采集代码也可售卖，包教包会，实现自由采集

也可定制爬虫，或采集数据
价格根据难易而定，除了睡觉都在线",无,不是二手贩子,湖南,数据采集，python爬虫，小红书，微博，淘宝，京东等等 个人开发者，非代理他人软件采集代码也可售卖，包教包会，实现自由采集也可定制爬虫，或采集数据价格根据难易而定，除了睡觉都在线
8,优秀,京东华为笔记本电脑爬取信息（附Python爬虫源码） 不调试 虚拟物品，不支持无理由退货 有需要了解详情后再下单 （如果需要爬取别的信息（除了淘宝的），点击“问卖家”再另定价格）,无,简简,广东,京东华为笔记本电脑爬取信息（附Python爬虫源码） 不调试 虚拟物品，不支持无理由退货 有需要了解详情后再下单 （如果需要爬取别的信息（除了淘宝的），点击“问卖家”再另定价格）
8.88,极好,python爬虫接单，文字、图片、视频都可爬。爬取的内容必须 公开合法，绿色健康，遵守法律法规！(目前不接爬小程序和app的)  价格由难易实现程度决定，有意向先私聊我具体需求，商讨价格再决定是否下单。,无,weimmwei,福建,python爬虫接单，文字、图片、视频都可爬。爬取的内容必须 公开合法，绿色健康，遵守法律法规！(目前不接爬小程序和app的)  价格由难易实现程度决定，有意向先私聊我具体需求，商讨价格再决定是否下单。
10,包邮/极好,python爬虫接单，可接大部分数据爬取，如新闻、信息网站， 房产，某查，某爱企，小说、图片、销售数据等，仅限于公开数据，不成功不收钱。 给数据，给源码都可以。爬取网站、js逆向 小程序爬取、数据获取，数据清洗，数据可视化 网页数据抓取、公众号爬取 包括其他自动化脚本定制，excle数据提取以及批量处...,无,黑家伙的账号,山西,python爬虫接单，可接大部分数据爬取，如新闻、信息网站， 房产，某查，某爱企，小说、图片、销售数据等，仅限于公开数据，不成功不收钱。 给数据，给源码都可以。爬取网站、js逆向 小程序爬取、数据获取，数据清洗，数据可视化 网页数据抓取、公众号爬取 包括其他自动化脚本定制，excle数据提取以及批量处...
