价格,标签,产品简介,标题,昵称,区域,标题详情
40,包邮/优秀,无,基于python旅游推荐系统+爬虫+可视化（协同过滤算法） ✅️直拍源码资料  部署加20 ✅️新增详情页页面 ✅️爬虫可用 2025最新数据 ✅️完整项目结构目录md文档 ✅️配套lun文1w5字 ✅️可定制到某个省份  加20 ✅️基于用户的协同过滤算法 ✅️管理员后台管理  这个旅游数据分...,乐崽想睡觉,浙江,基于python旅游推荐系统+爬虫+可视化（协同过滤算法） ✅️直拍源码资料  部署加20 ✅️新增详情页页面 ✅️爬虫可用 2025最新数据 ✅️完整项目结构目录md文档 ✅️配套lun文1w5字 ✅️可定制到某个省份  加20 ✅️基于用户的协同过滤算法 ✅️管理员后台管理  这个旅游数据分...
66.60,包邮,无,【学生价格】Python爬虫定制服务，支持Tk、油管等多平台 。高效采集网页公开数据、评论、文章等内容，严格合规；支持清洗、去重、结构化处理及多格式存储（CSV/数据库），数据可直接用于系统构建，提升应用价值。认真负责，快速交付。  [cool] 价格按复杂情况而定 大多数的单子价格在66.6~500...,小爬爬零零柒,北京,【学生价格】Python爬虫定制服务，支持Tk、油管等多平台 。高效采集网页公开数据、评论、文章等内容，严格合规；支持清洗、去重、结构化处理及多格式存储（CSV/数据库），数据可直接用于系统构建，提升应用价值。认真负责，快速交付。  [cool] 价格按复杂情况而定 大多数的单子价格在66.6~500...
9,极好,无,小程序爬虫，python爬虫，可见即可爬，需要的s。这是爬的 剑来全集音频哦,退休的攻城狮,江西,小程序爬虫，python爬虫，可见即可爬，需要的s。这是爬的 剑来全集音频哦
10,包邮/极好,无,python爬虫接单，爬文字，爬图片，爬视频下载，爬电影，爬 评论，爬评价，分析，视频解析，可视化都可以，只要是公开的数据都可以爬取，也可以爬需要登陆账号密码的数据。注意的是：需要自行准备账号密码，并自行承担因爬取数据对账号可能造成的封号风险。  本人热情好客，随时有空，有耐心，有需求就来问我，不买也...,子夜网络,江苏,python爬虫接单，爬文字，爬图片，爬视频下载，爬电影，爬 评论，爬评价，分析，视频解析，可视化都可以，只要是公开的数据都可以爬取，也可以爬需要登陆账号密码的数据。注意的是：需要自行准备账号密码，并自行承担因爬取数据对账号可能造成的封号风险。  本人热情好客，随时有空，有耐心，有需求就来问我，不买也...
9,极好,无,python爬虫接单 [超便宜]数据采集 评论 图片 小说等在线接单。 [超便宜]可采集公开的电脑网络网站网页数据爬取，手机app小程序公众号数据以及数据处理，爬文字爬评论，文章，数据，图片等，数据须合法合规，可见即所得，看得到的才能采集的到，认真负责！  [...,AA云启科技,辽宁,python爬虫接单 [超便宜]数据采集 评论 图片 小说等在线接单。 [超便宜]可采集公开的电脑网络网站网页数据爬取，手机app小程序公众号数据以及数据处理，爬文字爬评论，文章，数据，图片等，数据须合法合规，可见即所得，看得到的才能采集的到，认真负责！  [...
8,包邮/良好,无,数据采集，python爬虫， 可以帮忙采集京东，小红书和微博平台的少量数据，用于数据分析   也可便宜出售源代码,绝世相凌微,海南,数据采集，python爬虫， 可以帮忙采集京东，小红书和微博平台的少量数据，用于数据分析   也可便宜出售源代码
9,包邮,无,Python爬虫服务，学生价！ 专业敲代码的纯技术暖男，被动接单！代码量敲的比吃盐还多！简单、复杂、有难度的单子都能搞定！  不用您自己梳理需求，直接告诉我想要什么，剩下的我来处理！  不纠结规则，我指导您完成业务需求。  价格超值，包满意，欢迎私聊咨询！  支持数据...,天天熬夜的程序猿,河南,Python爬虫服务，学生价！ 专业敲代码的纯技术暖男，被动接单！代码量敲的比吃盐还多！简单、复杂、有难度的单子都能搞定！  不用您自己梳理需求，直接告诉我想要什么，剩下的我来处理！  不纠结规则，我指导您完成业务需求。  价格超值，包满意，欢迎私聊咨询！  支持数据...
11,包邮,无忧考吧元/起,Python编程视频教程自学全套从入门到精通零基础入门到实战 网络爬虫课程 精选1080P高清视频 自学教程 入门到精通 学不会退款 24小时自动发货 零基础学习教程 虚拟物品一经售出不退不换,南纬荡秋千的海豚,江苏,Python编程视频教程自学全套从入门到精通零基础入门到实战 网络爬虫课程 精选1080P高清视频 自学教程 入门到精通 学不会退款 24小时自动发货 零基础学习教程 虚拟物品一经售出不退不换
28.80,包邮,无,Python基于爬虫的成都二手房推荐可视化系统 二手房交易系 统 Python项目 vue项目 flask项目 计算机毕业设计项目  （包含项目+万字文档）计算机软件实战项目 赠送全套开发工具+核心代码讲解视频 [红圆]开发语言：Python [红圆]数据库：mysql [红圆]前端框架：vue [红...,计算机软件源码小铺,辽宁,Python基于爬虫的成都二手房推荐可视化系统 二手房交易系 统 Python项目 vue项目 flask项目 计算机毕业设计项目  （包含项目+万字文档）计算机软件实战项目 赠送全套开发工具+核心代码讲解视频 [红圆]开发语言：Python [红圆]数据库：mysql [红圆]前端框架：vue [红...
100,包邮,无,北大法宝法律文书采集，自动化Python爬虫，具体流程见视频 ，不会封IP。有意向的朋友可以私聊我了解更多哦～这个工具非常实用，可以帮助我们高效地获取所需信息。感兴趣的话赶紧联系我吧！,哇咔咔啦,广东,北大法宝法律文书采集，自动化Python爬虫，具体流程见视频 ，不会封IP。有意向的朋友可以私聊我了解更多哦～这个工具非常实用，可以帮助我们高效地获取所需信息。感兴趣的话赶紧联系我吧！
14,包邮/优秀,无,基于Python爱奇艺影视数据可视化分析系统的设计与实现 2024数据Python爱奇艺影视可视化 Echarts+Flask+MySQL  ✅ 直拍源码 部署加20 ✅ 2024爱奇艺爬虫数据 现成数据1000+  大数据可视化项目 基于Python爱奇艺影视数据可视化分析系统的设计与实现 本...,乐崽想睡觉,浙江,基于Python爱奇艺影视数据可视化分析系统的设计与实现 2024数据Python爱奇艺影视可视化 Echarts+Flask+MySQL  ✅ 直拍源码 部署加20 ✅ 2024爱奇艺爬虫数据 现成数据1000+  大数据可视化项目 基于Python爱奇艺影视数据可视化分析系统的设计与实现 本...
23.99,包邮,无,"Python超详细的学习笔记，共22部分，116W字，包括了 Python基础入门到高级内容 包括后端开发，爬虫开发，网络编程，并发编程，数据分析，pyqt5图形化界面，图像处理等等内容

[1]笔记格式：MarkDown➕PDF➕HTML
[2]有版权，禁止盗版
[3]可以直接拍，标价即卖价，自动发货

     [火]店铺优惠
[1]满20元以后买的笔记可以半价优惠
[2]满30元以后可以送3套15元以下笔记
[3]满79.99主页全部打包，包更新

      [火]笔记大纲如下
[红圆]Python3学习笔记 
[绿圆]常用库 (共15个) 
[红圆]常用API速查 
[蓝圆]Python进阶知识 
[黄圆]面向对象编程 
[绿圆]网络编程 
[红圆]并发编程 
[蓝圆]爬虫所需Python基础 
[黄圆]HTML+CSS基础 
[绿圆]网页解析模块二 
[红圆]request网络请求 
[蓝圆]selenium 
[黄圆]数据库操作 
[绿圆]scrapy框架 
[红圆]逆向加密模块 
[蓝圆]Django框架 
[黄圆]网络安全相关 
[绿圆]OpenCV基础 
[红圆]NumPy学习笔记 
[蓝圆]Pandas教程 
[黄圆]Python办公自动化项目 
[红圆]PyQt5学习笔记

[1]虚拟产品，一旦拍下，不支持退款，考虑好再拍
[2]有问题随时联系我，能解决的问题给你解决
[3]可以到主页看看更多笔记",Veronica,北京,Python超详细的学习笔记，共22部分，116W字，包括了 Python基础入门到高级内容 包括后端开发，爬虫开发，网络编程，并发编程，数据分析，pyqt5图形化界面，图像处理等等内容[1]笔记格式：MarkDown➕PDF➕HTML[2]有版权，禁止盗版[3]可以直接拍，标价即卖价，自动发货     [火]店铺优惠[1]满20元以后买的笔记可以半价优惠[2]满30元以后可以送3套15元以下笔记[3]满79.99主页全部打包，包更新      [火]笔记大纲如下[红圆]Python3学习笔记 [绿圆]常用库 (共15个) [红圆]常用API速查 [蓝圆]Python进阶知识 [黄圆]面向对象编程 [绿圆]网络编程 [红圆]并发编程 [蓝圆]爬虫所需Python基础 [黄圆]HTML+CSS基础 [绿圆]网页解析模块二 [红圆]request网络请求 [蓝圆]selenium [黄圆]数据库操作 [绿圆]scrapy框架 [红圆]逆向加密模块 [蓝圆]Django框架 [黄圆]网络安全相关 [绿圆]OpenCV基础 [红圆]NumPy学习笔记 [蓝圆]Pandas教程 [黄圆]Python办公自动化项目 [红圆]PyQt5学习笔记[1]虚拟产品，一旦拍下，不支持退款，考虑好再拍[2]有问题随时联系我，能解决的问题给你解决[3]可以到主页看看更多笔记
20,包邮,21天内降价,Python爬虫数据分析招聘可视化系统 可远程搭建➕参考文档➕讲解视频   项目亮点 技术栈：基于Django框架和MySQL数据库，结合BOSS直聘数据，提供强大的数据分析与可视化功能。 爬虫功能完备：实现了高效的爬虫功能，能够实时获取最新招聘数据。 系统功能 1.&nbsp...,东西东西东西,广东,Python爬虫数据分析招聘可视化系统 可远程搭建➕参考文档➕讲解视频   项目亮点 技术栈：基于Django框架和MySQL数据库，结合BOSS直聘数据，提供强大的数据分析与可视化功能。 爬虫功能完备：实现了高效的爬虫功能，能够实时获取最新招聘数据。 系统功能 1.&nbsp...
50,包邮,无,python 爬虫 财经 上交所 证监会 深交所 数据采集各公开网站的通知、公告、问询函、警示函、网页评论、新闻、pdf批量下载等。,不蒙的娜丽莎,北京,python 爬虫 财经 上交所 证监会 深交所 数据采集各公开网站的通知、公告、问询函、警示函、网页评论、新闻、pdf批量下载等。
8.80,极好,无,[火]Python网页爬虫服务，你想看的都能批量抓！[火] 房产、商品、题库、评论... 无论书本文章、票房数据，还是短视频、古诗文，只要网页能展示，统统帮你精准爬取！ 专业Python程序开发，数据可视化呈现，支持导出Excel、CSV等多种格式，轻松满足你的数据需求。   技术过硬，经验丰...,AA云启科技,辽宁,[火]Python网页爬虫服务，你想看的都能批量抓！[火] 房产、商品、题库、评论... 无论书本文章、票房数据，还是短视频、古诗文，只要网页能展示，统统帮你精准爬取！ 专业Python程序开发，数据可视化呈现，支持导出Excel、CSV等多种格式，轻松满足你的数据需求。   技术过硬，经验丰...
7.50,包邮/极好,无,python爬虫接单，抢单，只要是公开合法的数据都可以爬取， 本人正常上班，业余时间操作，一次只接一个。感兴趣的可咨询,冷者不冷,四川,python爬虫接单，抢单，只要是公开合法的数据都可以爬取， 本人正常上班，业余时间操作，一次只接一个。感兴趣的可咨询
39.90,包邮,无,湖北211大学生，三创赛实战赛国赛一等奖，Python爬虫， 数据采集，大学生实训，学生价接单，个人接单，不中介，不拉群[hot][hot][hot] 1.[钉子]代码通过控制电脑浏览器实现采集数据，所以爬取速度不会特别快，实测每分钟采集150条数据左右，但这种方式较安全，几乎不会被反爬或者封号，可以...,隔壁唱歌了,江西,湖北211大学生，三创赛实战赛国赛一等奖，Python爬虫， 数据采集，大学生实训，学生价接单，个人接单，不中介，不拉群[hot][hot][hot] 1.[钉子]代码通过控制电脑浏览器实现采集数据，所以爬取速度不会特别快，实测每分钟采集150条数据左右，但这种方式较安全，几乎不会被反爬或者封号，可以...
20,包邮,无,python智联招聘数据分析推荐系统+爬虫+可视化 协同过滤 算法  ✅️12w数据集 ✅️直拍源码  部署加30 ✅️爬虫可用 ✅️前后端分离  技术栈： Python语言、Vue前端框架、Flask后端框架、 智联、Echarts 可视化分析、scrapy爬虫、MySQL数据库、协同过滤推荐算法 ...,很高兴你来,内蒙古,python智联招聘数据分析推荐系统+爬虫+可视化 协同过滤 算法  ✅️12w数据集 ✅️直拍源码  部署加30 ✅️爬虫可用 ✅️前后端分离  技术栈： Python语言、Vue前端框架、Flask后端框架、 智联、Echarts 可视化分析、scrapy爬虫、MySQL数据库、协同过滤推荐算法 ...
20,优秀,无,python招聘推荐系统+爬虫+可视化（协同过滤算法） ✅️直拍源码资料  部署加20 ✅️完整项目结构目录md文档 ✅️参考lun文 2w字 ✅️答辩ppt ✅️修复爬虫  搜索全国大部分城市400多个 ✅️管理员后台管理 ✅️修复获取不到用户bug  本项目利用 Python 抓取海量招...,乐崽想睡觉,浙江,python招聘推荐系统+爬虫+可视化（协同过滤算法） ✅️直拍源码资料  部署加20 ✅️完整项目结构目录md文档 ✅️参考lun文 2w字 ✅️答辩ppt ✅️修复爬虫  搜索全国大部分城市400多个 ✅️管理员后台管理 ✅️修复获取不到用户bug  本项目利用 Python 抓取海量招...
10,包邮,无,Python爬虫服务，数据采集，万物皆可爬！ 只要能看到的数据，都能帮你爬取，简单复杂都接！ 价格实惠，只有学生价，没有其他价！ 可交付数据，源代码，让您自己动手采集数据！ 就算不买，问问也欢迎～ 支持各类网站数据采集，网页、小程序、公众号通吃！ 价格实惠，包满意！欢迎私聊咨询！ p...,天天熬夜的程序猿,福建,Python爬虫服务，数据采集，万物皆可爬！ 只要能看到的数据，都能帮你爬取，简单复杂都接！ 价格实惠，只有学生价，没有其他价！ 可交付数据，源代码，让您自己动手采集数据！ 就算不买，问问也欢迎～ 支持各类网站数据采集，网页、小程序、公众号通吃！ 价格实惠，包满意！欢迎私聊咨询！ p...
16,包邮,无,"python招聘推荐系统+爬虫+可视化（协同过滤算法） ☺源码可直拍，  带非常详细的部署文档 ☺爬虫可用,  可以爬取任何职位薪资 ☺带参考论文  本项目利用 Python 某招聘网站抓取海量招聘数据，进行数据清洗和格式化后存储到关系型数据库中（如mysql），利用 Django + My...",Python极客之家,江苏,"python招聘推荐系统+爬虫+可视化（协同过滤算法） ☺源码可直拍，  带非常详细的部署文档 ☺爬虫可用,  可以爬取任何职位薪资 ☺带参考论文  本项目利用 Python 某招聘网站抓取海量招聘数据，进行数据清洗和格式化后存储到关系型数据库中（如mysql），利用 Django + My..."
19.90,包邮/极好,无,基于python爬虫数据分析boss招聘可视化系统 [火]技术栈: django+mysql  ✅️直拍源码 ✅️后台管理 ✅️有参考lun文 答辩ppt  本系统包含如下功能 1、首页数据展示：用户创建时间，用户信息，数据信息以及爬取数据时间的可视化展示。 2、可视化： 薪资情况：通过...,小恒学长,江苏,基于python爬虫数据分析boss招聘可视化系统 [火]技术栈: django+mysql  ✅️直拍源码 ✅️后台管理 ✅️有参考lun文 答辩ppt  本系统包含如下功能 1、首页数据展示：用户创建时间，用户信息，数据信息以及爬取数据时间的可视化展示。 2、可视化： 薪资情况：通过...
16.90,极好,无,用Python写网络爬虫。 之前学数据采集爬虫技术买的书籍，现在已经学会了，用不到此书了。  这本书籍也是从基础开始讲起，适合从零开始入门的朋友学习，当然老鸟也可以在补习补习用Python语言编写的，很好理解。,wdandwaq,浙江,用Python写网络爬虫。 之前学数据采集爬虫技术买的书籍，现在已经学会了，用不到此书了。  这本书籍也是从基础开始讲起，适合从零开始入门的朋友学习，当然老鸟也可以在补习补习用Python语言编写的，很好理解。
9.99,包邮,无,基于Python招聘大数据爬虫多维度可视化分析平台(完整程序 源码+数据库+详细文档+lw+ppt+详细部署教程等全资料)， 更多项目可咨询~知识图谱/可视化分析/深度学习等都有,我见青山多妩媚,上海,基于Python招聘大数据爬虫多维度可视化分析平台(完整程序 源码+数据库+详细文档+lw+ppt+详细部署教程等全资料)， 更多项目可咨询~知识图谱/可视化分析/深度学习等都有
9.90,良好,无,"爬虫接单丨Python爬虫丨数据抓取丨数据采集 丨爬图片丨爬链接丨爬视频丨爬文章丨爬评论丨爬UID，所见即所爬 Dy,xhs,小破站,等各大电商平台的竞品数据 如有长期需求，可提供定制的采集工具，自己随时使用 难易程度决定价格",淘汰yy,江苏,"爬虫接单丨Python爬虫丨数据抓取丨数据采集 丨爬图片丨爬链接丨爬视频丨爬文章丨爬评论丨爬UID，所见即所爬 Dy,xhs,小破站,等各大电商平台的竞品数据 如有长期需求，可提供定制的采集工具，自己随时使用 难易程度决定价格"
21,包邮,无,python爬虫、爬虫、爬取网站、js逆向、小程序爬取、数据 获取，数据清洗，数据可视化，网页数据抓取、公众号爬取 包括其他自动化脚本定制，excle数据提取以及批量处理都可。  python攻城狮一枚，可接爬虫业务，经验丰富，认真负责，售后保障，信用保证，价格从优，学生价！欢迎咨询[火],射手座海蜘蛛,山西,python爬虫、爬虫、爬取网站、js逆向、小程序爬取、数据 获取，数据清洗，数据可视化，网页数据抓取、公众号爬取 包括其他自动化脚本定制，excle数据提取以及批量处理都可。  python攻城狮一枚，可接爬虫业务，经验丰富，认真负责，售后保障，信用保证，价格从优，学生价！欢迎咨询[火]
9.90,包邮,无,python爬虫接单  爬文字爬图片 爬评论，只要是公开合法 的数据都可以爬取[送花]  定时执行任务，自动化日报周报，报表统计等。  本人热情好客，随时有空，有耐心，有需求就来问我，不买也可以问。  全天在线欢迎打扰 质优价廉，5年老店，可开发票[比心] 做到您满意为止，有完整售后哟欢迎打扰,银灰的丹参37,河北,python爬虫接单  爬文字爬图片 爬评论，只要是公开合法 的数据都可以爬取[送花]  定时执行任务，自动化日报周报，报表统计等。  本人热情好客，随时有空，有耐心，有需求就来问我，不买也可以问。  全天在线欢迎打扰 质优价廉，5年老店，可开发票[比心] 做到您满意为止，有完整售后哟欢迎打扰
20,包邮/优秀,无,python智联招聘数据分析推荐系统+爬虫+可视化 协同过滤 算法  ✅️直拍源码  部署加20 ✅️参考lun文  答辩ppt ✅️12w数据集 ✅️爬虫可用 ✅️前后端分离  技术栈： Python语言、Vue前端框架、Flask后端框架、 智联、Echarts 可视化分析、scrapy爬虫、My...,乐崽想睡觉,浙江,python智联招聘数据分析推荐系统+爬虫+可视化 协同过滤 算法  ✅️直拍源码  部署加20 ✅️参考lun文  答辩ppt ✅️12w数据集 ✅️爬虫可用 ✅️前后端分离  技术栈： Python语言、Vue前端框架、Flask后端框架、 智联、Echarts 可视化分析、scrapy爬虫、My...
10,包邮,无,Python爬虫技术接单 | 高效 · 定制 · 可靠 您好！我是专注Python爬虫开发的自由开发者，擅长用`requests`、`Scrapy`、`Selenium`等技术高效抓取各类数据（网页、API、动态渲染等），具备反爬破解（IP代理、验证码绕过、模拟登录）及数据清洗（`Pan...,天天熬夜的程序猿,福建,Python爬虫技术接单 | 高效 · 定制 · 可靠 您好！我是专注Python爬虫开发的自由开发者，擅长用`requests`、`Scrapy`、`Selenium`等技术高效抓取各类数据（网页、API、动态渲染等），具备反爬破解（IP代理、验证码绕过、模拟登录）及数据清洗（`Pan...
9.99,包邮,无,基于Python 机器学习招聘数据爬虫可视化分析推荐系统(完 整程序源码+数据库+详细文档+lw+ppt+详细部署教程等全资料)， 更多项目可咨询~知识图谱/可视化分析/深度学习等都有,我见青山多妩媚,贵州,基于Python 机器学习招聘数据爬虫可视化分析推荐系统(完 整程序源码+数据库+详细文档+lw+ppt+详细部署教程等全资料)， 更多项目可咨询~知识图谱/可视化分析/深度学习等都有
50,包邮,无,python爬虫接单 爬虫数据抓取 爬虫可视化 数据处理 可爬取网页公开的数据、评论、文章、图片等。数据须合规，高效开发，认真负责！ 爬文字 爬图片 爬评论 爬评价 数据抓取 数据分析 数据处理 数据可视化 js逆向 都可以。 简单的复杂的加密的爬虫单都可接。 可爬数据、也可爬虫程序您自助采集...,crawler,河南,python爬虫接单 爬虫数据抓取 爬虫可视化 数据处理 可爬取网页公开的数据、评论、文章、图片等。数据须合规，高效开发，认真负责！ 爬文字 爬图片 爬评论 爬评价 数据抓取 数据分析 数据处理 数据可视化 js逆向 都可以。 简单的复杂的加密的爬虫单都可接。 可爬数据、也可爬虫程序您自助采集...
50,包邮,无,"Python爬虫定制开发，数据抓取自动化 Python爬虫定制服务｜专业解决动态网页数据抓取 ｜浏览器自动化
Playwright技术专治动态加载、JS渲染问题，导出Excel/存入SQLite数据库
适用场景：
1. 网页数据自动采集
2. 网络爬虫开发
3. 自动化数据处理

服务承诺：
1. 高效沟通，需求明确后快速开工
2. 保证数据抓取成功率和格式规范
3. 支持远程指导，确保项目成功

重要声明：
1. 不接违法违规业务
2. 确认数据为公开可抓取
3. 下单前请详细描述需求

欢迎咨询，直接发送目标网址和具体需求，我将第一时间为您评估报价！
#达人在线帮忙 
#发布技能来赚钱",python快做帮手,上海,Python爬虫定制开发，数据抓取自动化 Python爬虫定制服务｜专业解决动态网页数据抓取 ｜浏览器自动化Playwright技术专治动态加载、JS渲染问题，导出Excel/存入SQLite数据库适用场景：1. 网页数据自动采集2. 网络爬虫开发3. 自动化数据处理服务承诺：1. 高效沟通，需求明确后快速开工2. 保证数据抓取成功率和格式规范3. 支持远程指导，确保项目成功重要声明：1. 不接违法违规业务2. 确认数据为公开可抓取3. 下单前请详细描述需求欢迎咨询，直接发送目标网址和具体需求，我将第一时间为您评估报价！#达人在线帮忙 #发布技能来赚钱
10,包邮/极好,无,python爬虫接单，可接大部分数据爬取，如新闻、信息网站， 房产，某查，某爱企，小说、图片、销售数据等，仅限于公开数据，不成功不收钱。 给数据，给源码都可以。爬取网站、js逆向 小程序爬取、数据获取，数据清洗，数据可视化 网页数据抓取、公众号爬取 包括其他自动化脚本定制，excle数据提取以及批量处...,黑家伙的账号,山西,python爬虫接单，可接大部分数据爬取，如新闻、信息网站， 房产，某查，某爱企，小说、图片、销售数据等，仅限于公开数据，不成功不收钱。 给数据，给源码都可以。爬取网站、js逆向 小程序爬取、数据获取，数据清洗，数据可视化 网页数据抓取、公众号爬取 包括其他自动化脚本定制，excle数据提取以及批量处...
18,包邮,9天内降价,个人在做，python爬虫、爬虫、爬取网站、js逆向 小程序爬取、数据获取，数据清洗，数据可视化 网页数据抓取、公众号爬取 包括其他自动化脚本定制，excle数据提取以及批量处理都可 本人可接爬虫业务 不达要求支持全额退款,天狼星高高的苹果,天津,个人在做，python爬虫、爬虫、爬取网站、js逆向 小程序爬取、数据获取，数据清洗，数据可视化 网页数据抓取、公众号爬取 包括其他自动化脚本定制，excle数据提取以及批量处理都可 本人可接爬虫业务 不达要求支持全额退款
13,包邮/优秀,无,python爬虫数据分析招聘可视化系统 django+mysql ✅️直拍源码  部署加20 ✅️后台管理 ✅️有参考lun文 答辩ppt ✅️爬虫可用  本系统包含如下功能 1、首页数据展示：用户创建时间，用户信息，数据信息以及爬取数据时间的可视化展示。 2、可视化： 薪资情...,乐崽想睡觉,浙江,python爬虫数据分析招聘可视化系统 django+mysql ✅️直拍源码  部署加20 ✅️后台管理 ✅️有参考lun文 答辩ppt ✅️爬虫可用  本系统包含如下功能 1、首页数据展示：用户创建时间，用户信息，数据信息以及爬取数据时间的可视化展示。 2、可视化： 薪资情...
27,包邮,9天内降价,爬虫抓取数据、网络爬虫、数据爬虫、python爬取数据、数据 采集、数据分析、数据抓取、爬虫数据采集、python爬虫项目、python数据清洗、python数据分析与可视化、python办公自动化、python爬虫、数据处理、python数据可视化、python词云图、python可视化... _ ...,想要飞的带鱼,浙江,爬虫抓取数据、网络爬虫、数据爬虫、python爬取数据、数据 采集、数据分析、数据抓取、爬虫数据采集、python爬虫项目、python数据清洗、python数据分析与可视化、python办公自动化、python爬虫、数据处理、python数据可视化、python词云图、python可视化... _ ...
10,包邮,无,python代码编写，python爬虫，python数据分析 。python程序设计 价格便宜。直接发题目需求，啥都会做。 请直入主题，直入主题，直入主题！！！ 请直接尽可能地描述你的需求，可以提供样例，文档或图片。 python代码编写，python代做，python解答 python作业辅导，py...,阿豹yoya,江西,python代码编写，python爬虫，python数据分析 。python程序设计 价格便宜。直接发题目需求，啥都会做。 请直入主题，直入主题，直入主题！！！ 请直接尽可能地描述你的需求，可以提供样例，文档或图片。 python代码编写，python代做，python解答 python作业辅导，py...
80,包邮,无,"Python爬虫数据采集服务 爬虫数据采集python数据抓取

基础采集：批量抓取标题、价格、图片、描述，支持分页采集，轻松应对简单网站
反爬版本：自动识别验证码、模拟登录 / 滑动，搭配 IP 代理防封，确保采集稳定不中断
平台定制：覆盖电商、新闻、社交、房产招聘等热门领域，数据精准度高
自动化任务：定时采集 + 自动去重 + 报表生成 + 邮件推送 + 云同步，解放人工
交付保障：
提供 Python 脚本或可执行程序，附详细使用说明，零基础也能快速上手。免费远程安装调试，14 天内免费修复问题，售后无忧。
价格参考：
基础采集版：99 元起
反爬版：599 元起",代码锻造师,安徽,Python爬虫数据采集服务 爬虫数据采集python数据抓取基础采集：批量抓取标题、价格、图片、描述，支持分页采集，轻松应对简单网站反爬版本：自动识别验证码、模拟登录 / 滑动，搭配 IP 代理防封，确保采集稳定不中断平台定制：覆盖电商、新闻、社交、房产招聘等热门领域，数据精准度高自动化任务：定时采集 + 自动去重 + 报表生成 + 邮件推送 + 云同步，解放人工交付保障：提供 Python 脚本或可执行程序，附详细使用说明，零基础也能快速上手。免费远程安装调试，14 天内免费修复问题，售后无忧。价格参考：基础采集版：99 元起反爬版：599 元起
100,包邮,无,Python爬虫，数据抓取，本店铺爬过微博，豆瓣，携程，抖音 等主流网站，爬过的网站少说也有500个  [绿圆]本人多年抓取工作经验。 你提供网站或者接口地址，我给你抓取的源代码或结果  [黄圆]支持各种复杂解析，文本字段抽取，验证码，加密算法等。 按网站抓取难度计费，欢迎发网站测试。  [红圆]代码...,python快做帮手,上海,Python爬虫，数据抓取，本店铺爬过微博，豆瓣，携程，抖音 等主流网站，爬过的网站少说也有500个  [绿圆]本人多年抓取工作经验。 你提供网站或者接口地址，我给你抓取的源代码或结果  [黄圆]支持各种复杂解析，文本字段抽取，验证码，加密算法等。 按网站抓取难度计费，欢迎发网站测试。  [红圆]代码...
50,包邮,无,专业Python爬虫开发，价格只要50块！ 预计工期1-5天，提供完整代码。 支持各种爬虫需求，价格实惠，欢迎咨询具体需求～ 提供详细报价，看清楚再下单！,肥波不肥,重庆,专业Python爬虫开发，价格只要50块！ 预计工期1-5天，提供完整代码。 支持各种爬虫需求，价格实惠，欢迎咨询具体需求～ 提供详细报价，看清楚再下单！
10,包邮/极好,无,Python爬虫定制｜数据爬取服务  可精准抓取网页公开内容：评论、 Python爬虫定制｜数据爬取服务  可精准抓取网页公开内容：评论、文章、各类数据、图片等，按需定制爬取方案~  [new]附加服务  问题解决、安装调试、环境配置，一站式搞定技术难题！  ⚠️重要声明,黑家伙的账号,湖北,Python爬虫定制｜数据爬取服务  可精准抓取网页公开内容：评论、 Python爬虫定制｜数据爬取服务  可精准抓取网页公开内容：评论、文章、各类数据、图片等，按需定制爬取方案~  [new]附加服务  问题解决、安装调试、环境配置，一站式搞定技术难题！  ⚠️重要声明
18,包邮,无,2025年最新士兵python全栈工程师， [new]覆盖5大热门就业方向:Web全栈、爬虫、数据分析、测试、人工智能  [钉子]深度调研企业招聘需求，培养行业真正需要的全能型技术人才   [红圆]标价非售价，价格有波动，请勿随手拍下 [红圆]需要的朋友，可以咨询客服，领取最新优惠...,罗马蓝鲸,北京,2025年最新士兵python全栈工程师， [new]覆盖5大热门就业方向:Web全栈、爬虫、数据分析、测试、人工智能  [钉子]深度调研企业招聘需求，培养行业真正需要的全能型技术人才   [红圆]标价非售价，价格有波动，请勿随手拍下 [红圆]需要的朋友，可以咨询客服，领取最新优惠...
50,包邮/良好,无,Python爬虫服务接单～多年经验，轻松搞定！ 支持微博、豆瓣、携程、抖音等主流网站数据抓取，已爬过的网站超过500个！  服务亮点： - 提供源代码或抓取结果，按需定制。 - 支持验证码、加密算法等复杂解析。 - 使用Scrapy、Requests、Selenium等框架。  价格...,AA内网穿透，运维AA,辽宁,Python爬虫服务接单～多年经验，轻松搞定！ 支持微博、豆瓣、携程、抖音等主流网站数据抓取，已爬过的网站超过500个！  服务亮点： - 提供源代码或抓取结果，按需定制。 - 支持验证码、加密算法等复杂解析。 - 使用Scrapy、Requests、Selenium等框架。  价格...
88.80,包邮,3天内降价,数据分析Python爬虫制作全流程 Python代码爬虫制作，数据爬取，数据处理，数据清洗与分析并且可视化，实际项目制作，填写报告，LDA模型等，可抓取网页公开的数据，评论，数据，图片等都可以哒， 价格实惠，还会有专享优惠哦 好评+关注免费送代码！  做到满意为止，不满意不收...,小八咪喔,安徽,数据分析Python爬虫制作全流程 Python代码爬虫制作，数据爬取，数据处理，数据清洗与分析并且可视化，实际项目制作，填写报告，LDA模型等，可抓取网页公开的数据，评论，数据，图片等都可以哒， 价格实惠，还会有专享优惠哦 好评+关注免费送代码！  做到满意为止，不满意不收...
180,包邮/优秀,无,基于python酒店推荐系统+爬虫+可视化（协同过滤算法） ✅️直拍源码 包部署 ✅️可视化大屏 ✅️收藏酒店 ✅️爬虫可用 ✅️基于用户的协同过滤算法 ✅️有后台管理 ✅️9000多数据集  这个旅游数据分析推荐系统采用了Python语言、Django框架、MySQL数据库、requests库...,乐崽想睡觉,浙江,基于python酒店推荐系统+爬虫+可视化（协同过滤算法） ✅️直拍源码 包部署 ✅️可视化大屏 ✅️收藏酒店 ✅️爬虫可用 ✅️基于用户的协同过滤算法 ✅️有后台管理 ✅️9000多数据集  这个旅游数据分析推荐系统采用了Python语言、Django框架、MySQL数据库、requests库...
10,包邮,无,Python 代做  爬虫开发 / 数据可视化 dashboard / 数据分析 Python 代做 企业级爬虫开发 / 数据可视化 dashboard / 自动化办公脚本/数据分析 / 爬虫开发 / 自动化脚本 处理 Excel / 可视化图表,阿豹yoya,广东,Python 代做  爬虫开发 / 数据可视化 dashboard / 数据分析 Python 代做 企业级爬虫开发 / 数据可视化 dashboard / 自动化办公脚本/数据分析 / 爬虫开发 / 自动化脚本 处理 Excel / 可视化图表
10,包邮,无,"大学生python各种代码代做，价格便宜。 直接发题目需求，啥都会做。

请直入主题，直入主题，直入主题！！！

请直接尽可能地描述你的需求，可以提供样例，文档或图片。
python代码编写，python代做，python解答
python作业辅导，python数据处理
python代码修改，python问题解决
python安装，python代码调试
python画图，python数据收集
python配置，python答疑
python爬虫

需要详细说明需求和交付时间
会根据需求和时间估价
也可以直接带上需求和预算",代码装甲侠,湖南,大学生python各种代码代做，价格便宜。 直接发题目需求，啥都会做。请直入主题，直入主题，直入主题！！！请直接尽可能地描述你的需求，可以提供样例，文档或图片。python代码编写，python代做，python解答python作业辅导，python数据处理python代码修改，python问题解决python安装，python代码调试python画图，python数据收集python配置，python答疑python爬虫需要详细说明需求和交付时间会根据需求和时间估价也可以直接带上需求和预算
50,包邮,无,Python爬虫代做定制，可爬取网页公开的数据、评论、图片等 。数据须合规，高效开发，认真负责！  Python爬虫接单&&数据采集，全网接各种平台 APP 电商平台 采集评论 拼多多 地图 poi 旅游各公开数据等等，需要其他信息可私聊。万事可行！  满意为止，不解决问题不收费 质量...,crawler,河南,Python爬虫代做定制，可爬取网页公开的数据、评论、图片等 。数据须合规，高效开发，认真负责！  Python爬虫接单&&数据采集，全网接各种平台 APP 电商平台 采集评论 拼多多 地图 poi 旅游各公开数据等等，需要其他信息可私聊。万事可行！  满意为止，不解决问题不收费 质量...
3.70,包邮,无,2025新版猿来教育13期樵夫Python爬虫高级开发从入门 到精通最新13期 完整版61节！ 目前官网在售最新版本，视频完整，资料齐全！  标价即售价，拍下秒发货   法律声明:本店所有资源均通过网络等公开合法渠道获取，仅供个人学习交流使用，并无任何商业目的。其版权归原创作者或出版社所有，如有侵权请...,罗马蓝鲸,广东,2025新版猿来教育13期樵夫Python爬虫高级开发从入门 到精通最新13期 完整版61节！ 目前官网在售最新版本，视频完整，资料齐全！  标价即售价，拍下秒发货   法律声明:本店所有资源均通过网络等公开合法渠道获取，仅供个人学习交流使用，并无任何商业目的。其版权归原创作者或出版社所有，如有侵权请...
50,包邮,无,Python数据爬虫，在线接单 本人研究生，有较为丰富的爬虫经验。  私信时请提供需要爬取的网站或app并详细说明需求，越详细越好。  价格好商量，学生价。  某bo数据，评论，电影排行，房价信息，某度zhishu数据，zf公开数据等等等等。 注:非公开数据，违法的，...,python快做帮手,上海,Python数据爬虫，在线接单 本人研究生，有较为丰富的爬虫经验。  私信时请提供需要爬取的网站或app并详细说明需求，越详细越好。  价格好商量，学生价。  某bo数据，评论，电影排行，房价信息，某度zhishu数据，zf公开数据等等等等。 注:非公开数据，违法的，...
50,包邮,无,Python编程爬虫与自动化开发 需要python爬虫，python自动化，pyqt5可以私我！,Python创客,浙江,Python编程爬虫与自动化开发 需要python爬虫，python自动化，pyqt5可以私我！
400,优秀,9小时前降价,"数据抓取，爬虫，Python,软件开发 数据抓取，爬虫，软件开发
解锁数据价值，助力您的业务腾飞！我们提供一站式Python爬虫与数据处理解决方案，高效、精准、可靠，满足您的多样化需求！  

 [钉子]我们的核心服务
✅ 网页数据抓取：使用Python爬虫精准采集电商、社交媒体、新闻等网站数据，适配复杂场景。
✅ App数据提取：支持主流平台App数据抓取，输出结构化数据，高效实用。
✅ 验证码识别：基于YOLO检测与深度学习技术，轻松破解字符、滑块、图形验证码，识别率超高！
✅ 软件定制开发：量身打造爬虫工具、自动化脚本或数据分析系统，满足个性化需求。
✅ 数据分析与处理：结合大数据与机器学习，提供数据清洗、可视化及深度分析服务。
✅ AI深度学习：集成YOLO目标检测、深度学习模型，助力图像识别与复杂数据挖掘。
  
[钉子]为什么选择我们？
专业技术：精通Scrapy、Selenium等框架，结合深度学习与大数据技术，交付高质量成果。  
快速交付：1-5天完成定制开发，满足您的紧急需求。  
灵活收费：按项目或按次计费，价格透明可商谈，不满意全额退款，合作零风险！  
贴心支持：一对一需求沟通，全程技术支持，确保结果完美契合预期。  
数据安全：严格遵守隐私协议，保障您的信息安全无忧。

[钉子]适用场景
[火]电商价格监控与竞品分析  
[火]社交媒体舆情与用户数据采集  
[火]行业报告与市场研究数据提取  
[火]自动化数据处理与可视化  
[火]AI模型训练数据准备

点击“我想要”，私聊需求[牛]",DearXiangX,江苏,"数据抓取，爬虫，Python,软件开发 数据抓取，爬虫，软件开发解锁数据价值，助力您的业务腾飞！我们提供一站式Python爬虫与数据处理解决方案，高效、精准、可靠，满足您的多样化需求！   [钉子]我们的核心服务✅ 网页数据抓取：使用Python爬虫精准采集电商、社交媒体、新闻等网站数据，适配复杂场景。✅ App数据提取：支持主流平台App数据抓取，输出结构化数据，高效实用。✅ 验证码识别：基于YOLO检测与深度学习技术，轻松破解字符、滑块、图形验证码，识别率超高！✅ 软件定制开发：量身打造爬虫工具、自动化脚本或数据分析系统，满足个性化需求。✅ 数据分析与处理：结合大数据与机器学习，提供数据清洗、可视化及深度分析服务。✅ AI深度学习：集成YOLO目标检测、深度学习模型，助力图像识别与复杂数据挖掘。  [钉子]为什么选择我们？专业技术：精通Scrapy、Selenium等框架，结合深度学习与大数据技术，交付高质量成果。  快速交付：1-5天完成定制开发，满足您的紧急需求。  灵活收费：按项目或按次计费，价格透明可商谈，不满意全额退款，合作零风险！  贴心支持：一对一需求沟通，全程技术支持，确保结果完美契合预期。  数据安全：严格遵守隐私协议，保障您的信息安全无忧。[钉子]适用场景[火]电商价格监控与竞品分析  [火]社交媒体舆情与用户数据采集  [火]行业报告与市场研究数据提取  [火]自动化数据处理与可视化  [火]AI模型训练数据准备点击“我想要”，私聊需求[牛]"
10,包邮/极好,无,Python 代做 程序开发 / 数据分析 / 爬虫脚本 自动化办公 / Python 代做 程序开发 / 数据分析 / 爬虫脚本 自动化办公 / 可视化图表 包调试运行,黑家伙的账号,广东,Python 代做 程序开发 / 数据分析 / 爬虫脚本 自动化办公 / Python 代做 程序开发 / 数据分析 / 爬虫脚本 自动化办公 / 可视化图表 包调试运行
10,包邮,无,python爬虫、爬虫、爬取网站、js逆向 小程序爬取、数 个人在做，python爬虫、爬虫、爬取网站、js逆向 小程序爬取、数据获取，数据清洗，数据可视化 网页数据抓取、公众号爬取 包括其他自动化脚本定制，excle数据提取以及批量处理都可 本人可接爬虫业务 不达要求支持全额退款,阿豹yoya,湖北,python爬虫、爬虫、爬取网站、js逆向 小程序爬取、数 个人在做，python爬虫、爬虫、爬取网站、js逆向 小程序爬取、数据获取，数据清洗，数据可视化 网页数据抓取、公众号爬取 包括其他自动化脚本定制，excle数据提取以及批量处理都可 本人可接爬虫业务 不达要求支持全额退款
9.99,包邮/优秀,无,Python豆瓣电影爬虫 ✅️标价源码  远程部署加 20  本人写的豆瓣爬虫，使用Python，爬取的电影信息有 《电影名称，导演，演员，上映时间，地区，评分，评论，电影简介，时长，电影类型，语言》等等18个 另外拍下可以提供本人已经爬好的2w万条数据，如果时...,乐崽想睡觉,浙江,Python豆瓣电影爬虫 ✅️标价源码  远程部署加 20  本人写的豆瓣爬虫，使用Python，爬取的电影信息有 《电影名称，导演，演员，上映时间，地区，评分，评论，电影简介，时长，电影类型，语言》等等18个 另外拍下可以提供本人已经爬好的2w万条数据，如果时...
10,包邮/极好,无,爬虫接单 爬虫代做 数据采集分析 python 脚本定制 自    爬虫接 爬虫接单 爬虫代做 数据采集分析 python 脚本定制 自    爬虫接单 爬虫代做 数据采集分析 python 脚本定制 自动化 协议脚本  可采集网页、小程序、公众号。页面上可见的信息才能爬，看不到的爬不了[旺柴]  也可以做各种...,黑家伙的账号,山西,爬虫接单 爬虫代做 数据采集分析 python 脚本定制 自    爬虫接 爬虫接单 爬虫代做 数据采集分析 python 脚本定制 自    爬虫接单 爬虫代做 数据采集分析 python 脚本定制 自动化 协议脚本  可采集网页、小程序、公众号。页面上可见的信息才能爬，看不到的爬不了[旺柴]  也可以做各种...
30,包邮,14天内降价,Python数据爬虫，个人在线接单 某bo数据，评论，电影排行，房价信息，某度zhishu数据，zf公开数据等。 （合法范围内） （只限闲鱼下单） #达人在线帮忙  #发布技能来赚钱,python快做帮手,上海,Python数据爬虫，个人在线接单 某bo数据，评论，电影排行，房价信息，某度zhishu数据，zf公开数据等。 （合法范围内） （只限闲鱼下单） #达人在线帮忙  #发布技能来赚钱
45,包邮/极好,19天内降价,"Python数据爬虫，网页爬虫，在线接单。有比较丰富的爬虫经 验。聊天的时候请提供网页并详细说明需求，越详细越好。价格好商量，学生价。
数据必须公开，不公开的不接。

  常见的zf公开数据，表格数据，房屋数据，排行榜，关键词统计，文件下载等，支持定制",爱敲代码的全栈蓝,北京,Python数据爬虫，网页爬虫，在线接单。有比较丰富的爬虫经 验。聊天的时候请提供网页并详细说明需求，越详细越好。价格好商量，学生价。数据必须公开，不公开的不接。  常见的zf公开数据，表格数据，房屋数据，排行榜，关键词统计，文件下载等，支持定制
10,包邮,无,Python爬虫 python 承接各类数据抓取任包括公开网 页、论坛帖子、评论等 [特惠]学生专属优惠，批量采集网站公开信息 [特惠]免费提供代码修改及售后服务，确保代码可用 [特惠]个性化服务，可远程协助调试，确保运行成功 [特惠]支持各大平台数据抓取，如微博、豆瓣、小红书、抖音、美团、大众点评等...,阿豹yoya,江西,Python爬虫 python 承接各类数据抓取任包括公开网 页、论坛帖子、评论等 [特惠]学生专属优惠，批量采集网站公开信息 [特惠]免费提供代码修改及售后服务，确保代码可用 [特惠]个性化服务，可远程协助调试，确保运行成功 [特惠]支持各大平台数据抓取，如微博、豆瓣、小红书、抖音、美团、大众点评等...
16,包邮,8天内降价,"Python爬虫数据采集服务 爬虫数据采集python数据抓取

 快速精准采集，覆盖各大网站
⚡ 半小时起单，效率保障，立等可用
 支持多格式导出（Excel/CSV/JSON），方便后续分析
 定制化需求灵活满足，反爬机制轻松应对
 适合电商数据、行情监控、舆情分析等多种场景

——您专属的数据采集专家，助力业务决策升级！",代码锻造师,安徽,Python爬虫数据采集服务 爬虫数据采集python数据抓取 快速精准采集，覆盖各大网站⚡ 半小时起单，效率保障，立等可用 支持多格式导出（Excel/CSV/JSON），方便后续分析 定制化需求灵活满足，反爬机制轻松应对 适合电商数据、行情监控、舆情分析等多种场景——您专属的数据采集专家，助力业务决策升级！
255,包邮,无,【在校大学生爬虫接单】Python数据采集/定制脚本/高效交 付     服务亮点：  ✔️明码标价（150元起，按需求报价） ✔️24小时急速响应 ✔️ 提供数据清洗+可视化服务 ✔️ 支持CSV/Excel/数据库多种格式 ✔️ 已完成200+实战项目（可看案例）  ⚠️ 温馨提示： ❌ 不接违法...,大学生不骗人,江苏,【在校大学生爬虫接单】Python数据采集/定制脚本/高效交 付     服务亮点：  ✔️明码标价（150元起，按需求报价） ✔️24小时急速响应 ✔️ 提供数据清洗+可视化服务 ✔️ 支持CSV/Excel/数据库多种格式 ✔️ 已完成200+实战项目（可看案例）  ⚠️ 温馨提示： ❌ 不接违法...
99,包邮/优秀,无,python游戏数据推荐系统+爬虫+可视化（协同过滤算法） ✅️包部署 ＋系统＋爬虫 ✅️爬虫可用 需要vpn  本项目是一个基于Python、Flask框架、ECharts和MySQL数据库 本项目利用 Python 从steam网站抓取游戏数据，进行数据清洗和格式化后存储到关系型数据库中（m...,乐崽想睡觉,浙江,python游戏数据推荐系统+爬虫+可视化（协同过滤算法） ✅️包部署 ＋系统＋爬虫 ✅️爬虫可用 需要vpn  本项目是一个基于Python、Flask框架、ECharts和MySQL数据库 本项目利用 Python 从steam网站抓取游戏数据，进行数据清洗和格式化后存储到关系型数据库中（m...
20,包邮,无,[牛]Python爬虫 数据分析 数据可视化 本人长期在平台接 看重完成质量 百分百好评 感兴趣的话点“我想要”和我私聊吧～ #达人在线帮忙 #发布技能来赚钱,想要飞的带鱼,浙江,[牛]Python爬虫 数据分析 数据可视化 本人长期在平台接 看重完成质量 百分百好评 感兴趣的话点“我想要”和我私聊吧～ #达人在线帮忙 #发布技能来赚钱
20,包邮,7天内降价,Python爬虫，数据分析 数据采集，可满足数据分析、数据采 集相关的各种爬虫需求。 熟练使用Scrapy、Requests、Selenium等多种爬虫框架。 专业python 爬虫、数据采集、数据分析，支持各种程序开发、办公自动化、程序定制， 电商、社交、自媒体，定制化的python 爬虫服务,天狼星高高的苹果,天津,Python爬虫，数据分析 数据采集，可满足数据分析、数据采 集相关的各种爬虫需求。 熟练使用Scrapy、Requests、Selenium等多种爬虫框架。 专业python 爬虫、数据采集、数据分析，支持各种程序开发、办公自动化、程序定制， 电商、社交、自媒体，定制化的python 爬虫服务
10,包邮/极好,无,Python爬虫定制｜数据爬取服务 可精准抓取网页公开内容：评论、 Python爬虫定制｜数据爬取服务 可精准抓取网页公开内容：评论、  Python爬虫定制｜数据爬取服务  可精准抓取网页公开内容：评论、文章、各类数据、图片等，按需定制爬取方案~  [new]附加服务  问题解决、安装调试、环境配置，...,黑家伙的账号,山西,Python爬虫定制｜数据爬取服务 可精准抓取网页公开内容：评论、 Python爬虫定制｜数据爬取服务 可精准抓取网页公开内容：评论、  Python爬虫定制｜数据爬取服务  可精准抓取网页公开内容：评论、文章、各类数据、图片等，按需定制爬取方案~  [new]附加服务  问题解决、安装调试、环境配置，...
50,包邮,无,Python爬虫定制，数据抓取，网页采集，可做词云图 可爬取网页公开的数据、评论、文章、图片等，合法合规，认真负责，高效开发！  质量保证，做不出来全额退款,crawler,河南,Python爬虫定制，数据抓取，网页采集，可做词云图 可爬取网页公开的数据、评论、文章、图片等，合法合规，认真负责，高效开发！  质量保证，做不出来全额退款
10,包邮,无,python爬虫、爬虫、爬取网站、js逆向、小程序爬取、数据获取，数 python爬虫、爬虫、爬取网站、js逆向、小程序爬取、数据获取，数据清洗，数据可视化，网页数据抓取、公众号爬取 包括其他自动化脚本定制，excle数据提取以及批量处理  爬评论 爬博文 爬年报 爬新闻，只要是公开合法的数据都可以爬取 ...,阿豹yoya,江西,python爬虫、爬虫、爬取网站、js逆向、小程序爬取、数据获取，数 python爬虫、爬虫、爬取网站、js逆向、小程序爬取、数据获取，数据清洗，数据可视化，网页数据抓取、公众号爬取 包括其他自动化脚本定制，excle数据提取以及批量处理  爬评论 爬博文 爬年报 爬新闻，只要是公开合法的数据都可以爬取 ...
35,包邮/极好,无,Python数据爬虫，在线接单 本人研究生，有较为丰富的爬虫经验。  私信时请提供需要爬取的网站或app并详细说明需求，越详细越好。  价格好商量，学生价。  某bo数据，评论，电影排行，房价信息，某度zhishu数据，zf公开数据等等等等。（合法范围内，不做抢票！不...,随、寻,广东,Python数据爬虫，在线接单 本人研究生，有较为丰富的爬虫经验。  私信时请提供需要爬取的网站或app并详细说明需求，越详细越好。  价格好商量，学生价。  某bo数据，评论，电影排行，房价信息，某度zhishu数据，zf公开数据等等等等。（合法范围内，不做抢票！不...
50,包邮,无,Python数据爬虫，数据爬取在线接单 本人研究生，有较为丰富的爬虫经验。  私信时请详细说明需求，越详细越好。  价格好商量，学生价。  知乎，微博，小红薯，抖音，大众 点评，美团，各平台评论信息，电影排行，房价信息，某度指数数据，zf公开数据，大数据等等等等。 注:非公开...,python快做帮手,上海,Python数据爬虫，数据爬取在线接单 本人研究生，有较为丰富的爬虫经验。  私信时请详细说明需求，越详细越好。  价格好商量，学生价。  知乎，微博，小红薯，抖音，大众 点评，美团，各平台评论信息，电影排行，房价信息，某度指数数据，zf公开数据，大数据等等等等。 注:非公开...
40,包邮/优秀,无,python旅游可视化大屏系统+爬虫+可视化 ✅️直拍源码 部署加20 ✅️可定制到某个省份  加20 ✅️现成数据 ✅️有后台管理  这个旅游数据分析推荐系统采用了Python语言、Django框架、MySQL数据库、requests库进行网络爬虫开发、ECharts数据可视化技...,乐崽想睡觉,浙江,python旅游可视化大屏系统+爬虫+可视化 ✅️直拍源码 部署加20 ✅️可定制到某个省份  加20 ✅️现成数据 ✅️有后台管理  这个旅游数据分析推荐系统采用了Python语言、Django框架、MySQL数据库、requests库进行网络爬虫开发、ECharts数据可视化技...
10,包邮/极好,无,Python爬虫服务接单～多年经验，轻松搞定！  支持微博、豆瓣、携 Python爬虫服务接单～多年经验，轻松搞定！  支持微博、豆瓣、携程、抖音等主流网站数据抓取，已爬过的网站超过500个！  服务亮点： - 提供源代码或抓取结果，按需定制。 - 支持验证码、加密算法等复杂解析。 - 使用Scrapy、...,黑家伙的账号,山西,Python爬虫服务接单～多年经验，轻松搞定！  支持微博、豆瓣、携 Python爬虫服务接单～多年经验，轻松搞定！  支持微博、豆瓣、携程、抖音等主流网站数据抓取，已爬过的网站超过500个！  服务亮点： - 提供源代码或抓取结果，按需定制。 - 支持验证码、加密算法等复杂解析。 - 使用Scrapy、...
6.66,包邮/极好,23小时前发布,"爬虫公开数据采集Python爬虫代做编程网页数据数据爬虫 Python爬虫服务，数据采集，app，网页，小程序数据

网页爬虫，价格实惠，按需定制。支持房产信息、商品信息等多类型数据采集，导出您需要的格式。

代码问题爬取失败全额退款。

分类:软件/程序/网站开发｜预计工期:1-5天｜售后服务:Bug修改次数

有兴趣的直接联系，支持线上沟通",梁木之之,河南,爬虫公开数据采集Python爬虫代做编程网页数据数据爬虫 Python爬虫服务，数据采集，app，网页，小程序数据网页爬虫，价格实惠，按需定制。支持房产信息、商品信息等多类型数据采集，导出您需要的格式。代码问题爬取失败全额退款。分类:软件/程序/网站开发｜预计工期:1-5天｜售后服务:Bug修改次数有兴趣的直接联系，支持线上沟通
20,包邮,无,Python全能爬虫大师在此！ 宝子们！我是专注搞数据的Python工程师一枚～无论是网页抓取、JS逆向破解，还是小程序爬取、公众号内容采集，统统不在话下！数据清洗+可视化图表也能一键搞定，连Excel批量处理都超拿手。  定制自动化脚本 | 学生专属优惠价 | 售后...,天狼星高高的苹果,天津,Python全能爬虫大师在此！ 宝子们！我是专注搞数据的Python工程师一枚～无论是网页抓取、JS逆向破解，还是小程序爬取、公众号内容采集，统统不在话下！数据清洗+可视化图表也能一键搞定，连Excel批量处理都超拿手。  定制自动化脚本 | 学生专属优惠价 | 售后...
45,包邮/极好,无,Python爬虫定制，可爬取网页公开的数据，公开表格数据，全 年天气，视频弹幕，tb评论，文章，数据，图片，dy弹幕等，数据须合法合规，高效开发，认真负责！可以提供代码。,飞鸟来逛逛,江苏,Python爬虫定制，可爬取网页公开的数据，公开表格数据，全 年天气，视频弹幕，tb评论，文章，数据，图片，dy弹幕等，数据须合法合规，高效开发，认真负责！可以提供代码。
90,包邮,无,【学生价】Python爬虫定制，可爬取网页公开的数据、评论、 文章、图片等[火][火]。数据须合规，高效开发，认真负责！  [钉子]价格：根据难易程度来定 [钉子]30r - 500r,盐道街大方的紫薯,河南,【学生价】Python爬虫定制，可爬取网页公开的数据、评论、 文章、图片等[火][火]。数据须合规，高效开发，认真负责！  [钉子]价格：根据难易程度来定 [钉子]30r - 500r
5,包邮,无,Python爬虫数据抓取与可视化 python爬虫接单 爬虫数据抓取 爬虫可视化 数据处理  可爬取网页公开的数据、评论、文章、图片等。数据须合规，高效开发，认真负责！ 爬文字 爬图片 爬评论 爬评价 数据抓取 数据分析 数据处理 数据可视化 js逆向 都可以。 简单的复杂...,芬兰空闲的丹参,西藏,Python爬虫数据抓取与可视化 python爬虫接单 爬虫数据抓取 爬虫可视化 数据处理  可爬取网页公开的数据、评论、文章、图片等。数据须合规，高效开发，认真负责！ 爬文字 爬图片 爬评论 爬评价 数据抓取 数据分析 数据处理 数据可视化 js逆向 都可以。 简单的复杂...
4.80,包邮,无,2025新版老男孩Python全栈30期，涵盖Python基 础、Web开发、爬虫、AI等  [钉子]课程内容丰富，讲解深入，适合零基础入门到进阶学习就业 [火]视频资料齐全，不加密可直接在线观看 [火]标价即售价，拍下之后秒发货    法律声明:本店所有资源均通过网络等公开合法渠道获取，仅供个人学习...,罗马蓝鲸,广东,2025新版老男孩Python全栈30期，涵盖Python基 础、Web开发、爬虫、AI等  [钉子]课程内容丰富，讲解深入，适合零基础入门到进阶学习就业 [火]视频资料齐全，不加密可直接在线观看 [火]标价即售价，拍下之后秒发货    法律声明:本店所有资源均通过网络等公开合法渠道获取，仅供个人学习...
45,包邮/优秀,无,基于Python豆瓣电影数据可视化大屏 ✅️直拍源码 部署加20 ✅️可视化大屏 ✅️爬虫可用 ✅️后台管理   项目概述  本项目是一个基于Python Flask框架开发的豆瓣电影数据可视化平台，通过爬虫采集豆瓣电影数据，存储到MySQL数据库中，并通过Web界面以大屏可...,乐崽想睡觉,浙江,基于Python豆瓣电影数据可视化大屏 ✅️直拍源码 部署加20 ✅️可视化大屏 ✅️爬虫可用 ✅️后台管理   项目概述  本项目是一个基于Python Flask框架开发的豆瓣电影数据可视化平台，通过爬虫采集豆瓣电影数据，存储到MySQL数据库中，并通过Web界面以大屏可...
10,包邮/极好,无,python爬虫接单 数据采集 评论 图片 小说等在线接单。   可采集公开的电脑网络网站网页数据爬取，手机app小程序公众号数据以及数据处理，爬文字爬评论，文章，数据，图片等，数据须合法合规，可见即所得，看得到的才能采集的到，认真负责！   只要需求说清...,黑家伙的账号,山西,python爬虫接单 数据采集 评论 图片 小说等在线接单。   可采集公开的电脑网络网站网页数据爬取，手机app小程序公众号数据以及数据处理，爬文字爬评论，文章，数据，图片等，数据须合法合规，可见即所得，看得到的才能采集的到，认真负责！   只要需求说清...
10,包邮,无,"大学生python各种代码代做，价格便宜。 直接发题目需求，啥都会做。

请直入主题，直入主题，直入主题！！！

请直接尽可能地描述你的需求，可以提供样例，文档或图片。
python代码编写，python代做，python解答
python作业辅导，python数据处理
python代码修改，python问题解决
python安装，python代码调试
python画图，python数据收集
python配置，python答疑
python爬虫

需要详细说明需求和交付时间
会根据需求和时间估价
也可以直接带上需求和预算",代码装甲侠,北京,大学生python各种代码代做，价格便宜。 直接发题目需求，啥都会做。请直入主题，直入主题，直入主题！！！请直接尽可能地描述你的需求，可以提供样例，文档或图片。python代码编写，python代做，python解答python作业辅导，python数据处理python代码修改，python问题解决python安装，python代码调试python画图，python数据收集python配置，python答疑python爬虫需要详细说明需求和交付时间会根据需求和时间估价也可以直接带上需求和预算
18,包邮,13天内降价,python爬虫，所有公开网站均可爬取（小红书、dy、微博、 百度、wx；公主号数据，公众号、小程序，链家等），爬不到不要钱！质量高，效率高，可附代码！ 注:非公开数据，违法的，这边拒接！！ 欢迎点我想要咨询 #达人在线帮忙  #发布技能来赚钱,python快做帮手,上海,python爬虫，所有公开网站均可爬取（小红书、dy、微博、 百度、wx；公主号数据，公众号、小程序，链家等），爬不到不要钱！质量高，效率高，可附代码！ 注:非公开数据，违法的，这边拒接！！ 欢迎点我想要咨询 #达人在线帮忙  #发布技能来赚钱
10,包邮,无,Python爬虫定制｜数据爬取服务 可精准抓取网页公开内容：评论、 Python爬虫定制｜数据爬取服务 可精准抓取网页公开内容：评论、  Python爬虫定制｜数据爬取服务  可精准抓取网页公开内容：评论、文章、各类数据、图片等，按需定制爬取方案~  [new]附加服务  问题解决、安装调试、环境配置，...,阿豹yoya,江西,Python爬虫定制｜数据爬取服务 可精准抓取网页公开内容：评论、 Python爬虫定制｜数据爬取服务 可精准抓取网页公开内容：评论、  Python爬虫定制｜数据爬取服务  可精准抓取网页公开内容：评论、文章、各类数据、图片等，按需定制爬取方案~  [new]附加服务  问题解决、安装调试、环境配置，...
50,包邮,无,"Python爬虫接单，公开数据皆可爬 python爬虫接单  爬文字爬图片 爬评论，只要是公开合法的数据都可以爬取

本人热情好客，随时有空，有耐心，有需求就来问我，不买也可以问。

全天在线欢迎打扰
质优价廉
做到您满意为止，有完整售后哟

#达人在线帮忙 #发布技能来赚钱",曲奇墩墩,广东,Python爬虫接单，公开数据皆可爬 python爬虫接单  爬文字爬图片 爬评论，只要是公开合法的数据都可以爬取本人热情好客，随时有空，有耐心，有需求就来问我，不买也可以问。全天在线欢迎打扰质优价廉做到您满意为止，有完整售后哟#达人在线帮忙 #发布技能来赚钱
120,包邮,无,"Python3网络爬虫开发实战 第2版 591MB大小 pd f 电子版 崔庆才著 人民邮电出版社出版 
pdf电子版
591MB高清pdf+202MB OCRpdf +59MB压缩版pdf
拍下网盘发货",量子墨客,河南,Python3网络爬虫开发实战 第2版 591MB大小 pd f 电子版 崔庆才著 人民邮电出版社出版 pdf电子版591MB高清pdf+202MB OCRpdf +59MB压缩版pdf拍下网盘发货
22,包邮/优秀,无,基于Python豆瓣电影数据可视化分析系统的设计与实现 2025数据python豆瓣电影可视化 豆瓣电影数据分析及可视化 echarts+Flask+MySQL  ✅️直拍源码 部署加20 ✅️管理员 个人信息 ✅️包运行➕爬虫➕参考lun文（1w字） ✅️2025豆瓣电影爬虫数据 ✅️测试无...,乐崽想睡觉,浙江,基于Python豆瓣电影数据可视化分析系统的设计与实现 2025数据python豆瓣电影可视化 豆瓣电影数据分析及可视化 echarts+Flask+MySQL  ✅️直拍源码 部署加20 ✅️管理员 个人信息 ✅️包运行➕爬虫➕参考lun文（1w字） ✅️2025豆瓣电影爬虫数据 ✅️测试无...
18,包邮,无,2025士兵Python全栈工程师 2025年最新士兵python全栈工程师， [new]覆盖5大热门就业方向:Web全栈、爬虫、数据分析、测试、人工智能  [钉子]深度调研企业招聘需求，培养行业真正需要的全能型技术人才   [红圆]标价非售价，价格有波动，请勿随手拍下 [红...,罗马蓝鲸,广东,2025士兵Python全栈工程师 2025年最新士兵python全栈工程师， [new]覆盖5大热门就业方向:Web全栈、爬虫、数据分析、测试、人工智能  [钉子]深度调研企业招聘需求，培养行业真正需要的全能型技术人才   [红圆]标价非售价，价格有波动，请勿随手拍下 [红...
39,包邮,无,【学生价】Python爬虫定制，可爬取网页公开的数据、评论、 文章、图片等。数据须合规，高效开发，认真负责！百次好评战绩可查 ❤️价格：根据难易程度来定 ❤️30-300  Python爬虫接单&&数据采集，全网接各种平台 APP 电商平台 采集评论 文章 拼多多 大众点评 地图 po...,开熏每一天,河南,【学生价】Python爬虫定制，可爬取网页公开的数据、评论、 文章、图片等。数据须合规，高效开发，认真负责！百次好评战绩可查 ❤️价格：根据难易程度来定 ❤️30-300  Python爬虫接单&&数据采集，全网接各种平台 APP 电商平台 采集评论 文章 拼多多 大众点评 地图 po...
50,包邮,无,爬虫接单 Python爬虫代做 爬虫数据收集 爬虫数据抓取 爬虫可视化 数据采集 网页采集  数据采集，数据处理，欢迎咨询，价格优惠，按量计算  python 程序。24小时在线  可爬网页，小程序公众号 app。 各种简单的复杂的爬虫单都接  各种电商的、工商的、炒股的、社交的、国外的国内的等等...,crawler,河南,爬虫接单 Python爬虫代做 爬虫数据收集 爬虫数据抓取 爬虫可视化 数据采集 网页采集  数据采集，数据处理，欢迎咨询，价格优惠，按量计算  python 程序。24小时在线  可爬网页，小程序公众号 app。 各种简单的复杂的爬虫单都接  各种电商的、工商的、炒股的、社交的、国外的国内的等等...
10,包邮,无,ython爬虫接单，爬文字、爬图片、爬评论、爬评价，分析可视化都 ython爬虫接单，爬文字、爬图片、爬评论、爬评价，分析可视化都没问题，只要公开数据都能爬取。 爬虫数Python爬虫 网络爬虫 数据采集 网页内容提取 在线接单 专业Python爬虫解决方案 Python编程服务，专注于网络数据的自动...,阿豹yoya,江西,ython爬虫接单，爬文字、爬图片、爬评论、爬评价，分析可视化都 ython爬虫接单，爬文字、爬图片、爬评论、爬评价，分析可视化都没问题，只要公开数据都能爬取。 爬虫数Python爬虫 网络爬虫 数据采集 网页内容提取 在线接单 专业Python爬虫解决方案 Python编程服务，专注于网络数据的自动...
3.70,包邮,无,2025新版猿来教育13期樵夫Python爬虫高级开发从入门 到精通最新13期 完整版61节！ 目前官网在售最新版本，视频完整，资料齐全！  标价就是售价，拍下后秒发货   法律声明:本店所有资源均通过网络等公开合法渠道获取，仅供个人学习交流使用，并无任何商业目的。其版权归原创作者或出版社所有，如有侵...,罗马蓝鲸,广东,2025新版猿来教育13期樵夫Python爬虫高级开发从入门 到精通最新13期 完整版61节！ 目前官网在售最新版本，视频完整，资料齐全！  标价就是售价，拍下后秒发货   法律声明:本店所有资源均通过网络等公开合法渠道获取，仅供个人学习交流使用，并无任何商业目的。其版权归原创作者或出版社所有，如有侵...
5,包邮,无,【五元起接给钱就干】Python爬虫定制，可爬取网页公开的数 据、评论、文章、图片等，数据须合规，高效开发，认真负责！  [超便宜]价格：根据难易程度来定,专业资深写手,四川,【五元起接给钱就干】Python爬虫定制，可爬取网页公开的数 据、评论、文章、图片等，数据须合规，高效开发，认真负责！  [超便宜]价格：根据难易程度来定
43,包邮,无,"数据采集，python爬虫，js逆向，app逆向，过验证码， 登录接口等等，小红书，微博，淘宝，京东等等

个人开发者，非代理他人软件
采集代码也可售卖，包教包会，实现自由采集

也可定制爬虫，或采集数据
价格根据难易而定。",云淡风轻,山东,数据采集，python爬虫，js逆向，app逆向，过验证码， 登录接口等等，小红书，微博，淘宝，京东等等个人开发者，非代理他人软件采集代码也可售卖，包教包会，实现自由采集也可定制爬虫，或采集数据价格根据难易而定。
50,包邮,15小时前发布,"Python爬虫，数据抓取，本店铺爬过微博，豆瓣，携程，抖音 等主流网站，爬过的网站少说也有500个

本人多年抓取工作经验。 你提供网站或者接口地址，我给你抓取的源代码或结果

可做支持各种复杂解析，文本字段抽取，验证码，加密算法等。 按网站抓取难度计费，欢迎发网站测试。

[钉子][钉子]可帮大学生Python辅导大作业，带着预算来，多少钱都可以说

#达人在线帮忙 
#发布技能来赚钱",森森的羔羊,上海,Python爬虫，数据抓取，本店铺爬过微博，豆瓣，携程，抖音 等主流网站，爬过的网站少说也有500个本人多年抓取工作经验。 你提供网站或者接口地址，我给你抓取的源代码或结果可做支持各种复杂解析，文本字段抽取，验证码，加密算法等。 按网站抓取难度计费，欢迎发网站测试。[钉子][钉子]可帮大学生Python辅导大作业，带着预算来，多少钱都可以说#达人在线帮忙 #发布技能来赚钱
14,包邮/优秀,无,python豆瓣电影情感分析推荐系统+爬虫+可视化（双协同过 滤算法）  ✅️直拍源码  部署加20 ✅️有部署文档 可参考 ✅️爬虫可用 ✅️前后端分离 ✅️参考lun文 8000字  项目概述本项目是一个基于Python语言、Vue前端框架和Flask后端框架开发的电影数据采集、分析与推荐系统。系...,乐崽想睡觉,浙江,python豆瓣电影情感分析推荐系统+爬虫+可视化（双协同过 滤算法）  ✅️直拍源码  部署加20 ✅️有部署文档 可参考 ✅️爬虫可用 ✅️前后端分离 ✅️参考lun文 8000字  项目概述本项目是一个基于Python语言、Vue前端框架和Flask后端框架开发的电影数据采集、分析与推荐系统。系...
5,包邮/极好,无,学生价接Python爬虫数据采集服务，简单复杂任务都接，价格 好说 感兴趣的话点“我想要”和我私聊吧～,闪电帮帮,江西,学生价接Python爬虫数据采集服务，简单复杂任务都接，价格 好说 感兴趣的话点“我想要”和我私聊吧～
10,包邮,无,Python爬虫开发，专业团队服务 Python爬虫接单，专业团队服务，满意为止。  具体需求私聊，价格可谈，满意为止。 专业团队，经验丰富，快速响应，高质量完成。 具体需求私聊，价格可谈，满意为止。,app制作,广东,Python爬虫开发，专业团队服务 Python爬虫接单，专业团队服务，满意为止。  具体需求私聊，价格可谈，满意为止。 专业团队，经验丰富，快速响应，高质量完成。 具体需求私聊，价格可谈，满意为止。
30,包邮/极好,7天内降价,Python爬虫数据采集，软件开发服务 Python数据爬虫，数据爬取在线接单  本人研究生，有较为丰富的爬虫经验。  私信时请详细说明需求，越详细越好。  价格好商量，学生价。   社交媒体：wei博，小红书，dou音，zhi乎，dou瓣，da 众点评，b站 ，今日toutia...,随、寻,广东,Python爬虫数据采集，软件开发服务 Python数据爬虫，数据爬取在线接单  本人研究生，有较为丰富的爬虫经验。  私信时请详细说明需求，越详细越好。  价格好商量，学生价。   社交媒体：wei博，小红书，dou音，zhi乎，dou瓣，da 众点评，b站 ，今日toutia...
8,包邮,无,python招聘推荐系统+爬虫+可视化（协同过滤算法） ✅️直接拍，包括： ✅️有配套lun文 2w字   ✅️答辩ppt ✅️爬虫可用 ✅️后台管理  本项目利用 Python 从某招聘网站抓取海量招聘数据，进行数据清洗和格式化后存储到关系型数据库中（如mysql），利用 Django +...,Ai鲨鱼辣椒,上海,python招聘推荐系统+爬虫+可视化（协同过滤算法） ✅️直接拍，包括： ✅️有配套lun文 2w字   ✅️答辩ppt ✅️爬虫可用 ✅️后台管理  本项目利用 Python 从某招聘网站抓取海量招聘数据，进行数据清洗和格式化后存储到关系型数据库中（如mysql），利用 Django +...
9.90,包邮,16小时前发布,Python爬虫数据分析，Steam评论 爬虫，Python爬虫，游戏评论，steam，论文，数据，数据分析,小新同学,浙江,Python爬虫数据分析，Steam评论 爬虫，Python爬虫，游戏评论，steam，论文，数据，数据分析
22,包邮,9天内降价,python数据分析 人工智能 爬虫 或者Matlab画图写 程序 帮忙调通python代码，遇到的bug处理等,想要飞的带鱼,浙江,python数据分析 人工智能 爬虫 或者Matlab画图写 程序 帮忙调通python代码，遇到的bug处理等
25,包邮/优秀,无,基于Python的图书馆管理系统+爬虫+可视化 ✅直拍源码  部署加20  ✅豆瓣图书爬虫  ✅️续借图书  ✅后台管理 ✅️参考lun文  本项目利用Python和Django框架搭建了一个功能完善的图书馆管理系统，通过内置爬虫功能可从豆瓣网站抓取图书数据，进行数据清洗和格式化后...,乐崽想睡觉,浙江,基于Python的图书馆管理系统+爬虫+可视化 ✅直拍源码  部署加20  ✅豆瓣图书爬虫  ✅️续借图书  ✅后台管理 ✅️参考lun文  本项目利用Python和Django框架搭建了一个功能完善的图书馆管理系统，通过内置爬虫功能可从豆瓣网站抓取图书数据，进行数据清洗和格式化后...
35,包邮/极好,无,Python 爬虫！	数据爬取，在线接单！ 社交媒体：微博，小红书，抖音，知乎，豆瓣，大众点评评论，b站 ，今日头条，虎扑等 汽车网站：汽车之家，懂车帝等各大汽车社区评论，口碑，帖子 旅游网站：携程，去哪儿，飞猪，马蜂窝等评论，游记，帖子 电商评论：淘宝，京东等评论 新闻网站：外文...,随、寻,广东,Python 爬虫！	数据爬取，在线接单！ 社交媒体：微博，小红书，抖音，知乎，豆瓣，大众点评评论，b站 ，今日头条，虎扑等 汽车网站：汽车之家，懂车帝等各大汽车社区评论，口碑，帖子 旅游网站：携程，去哪儿，飞猪，马蜂窝等评论，游记，帖子 电商评论：淘宝，京东等评论 新闻网站：外文...
50,包邮,21小时前发布,python习题，爬虫，脚本 感兴趣的话点“我想要”和我私聊吧～,Perterpanda,河南,python习题，爬虫，脚本 感兴趣的话点“我想要”和我私聊吧～
50,包邮,无,【学生价】 python爬虫 数据采集 网站爬虫 小程序爬虫 app爬虫 网站开发 小程序开发 js逆向   我们的优势： 1.团队直接对接，无中间商赚差价，所有优惠直接给到客户 2.多年爬虫，网站开发经验，大批量数据采集，网站开发经验丰富 3.有完整售后，代码脚本交付免费维护周期三个月起 4.价格...,晓风软件开发工作室,上海,【学生价】 python爬虫 数据采集 网站爬虫 小程序爬虫 app爬虫 网站开发 小程序开发 js逆向   我们的优势： 1.团队直接对接，无中间商赚差价，所有优惠直接给到客户 2.多年爬虫，网站开发经验，大批量数据采集，网站开发经验丰富 3.有完整售后，代码脚本交付免费维护周期三个月起 4.价格...
200,包邮/良好,无,"Python爬虫开发服务 专业Python网站爬虫建设服务！
【服务内容】
- 网站数据采集
- 爬虫系统开发
- 代码定制优化
【优势特点】
- 专业团队开发
- 一站式解决方案
- 保证数据安全
- 可接急单，快速响应
- 支持各类网站爬取
有需要的朋友欢迎私聊咨询，价格好商量～
纯个人服务，非中介，诚信经营。",#清华保送生#,上海,Python爬虫开发服务 专业Python网站爬虫建设服务！【服务内容】- 网站数据采集- 爬虫系统开发- 代码定制优化【优势特点】- 专业团队开发- 一站式解决方案- 保证数据安全- 可接急单，快速响应- 支持各类网站爬取有需要的朋友欢迎私聊咨询，价格好商量～纯个人服务，非中介，诚信经营。
100,极好,6天内降价,Python爬虫开发，简单100复杂30 Python爬虫接单，简单的一律100，复杂的300，搞不定不收费！ 关注我享受粉丝价！纯技术暖男，被逼接爬虫！敲的代码比吃的盐粒都多！各种简单的、复杂的、有难度的爬虫单都接！ 不需要您捋清需求，具体需求我来捋顺！ 不需要您死磕规则，详细业...,AA云启科技,辽宁,Python爬虫开发，简单100复杂30 Python爬虫接单，简单的一律100，复杂的300，搞不定不收费！ 关注我享受粉丝价！纯技术暖男，被逼接爬虫！敲的代码比吃的盐粒都多！各种简单的、复杂的、有难度的爬虫单都接！ 不需要您捋清需求，具体需求我来捋顺！ 不需要您死磕规则，详细业...
13,包邮,22分钟前降价,爬虫代做，python代写 低价接各类网页爬取，数据分析，机器学习等，提升自我能力，诚信交易。 [红圆]私信说明要做的内容，越详细越好，不满意不要钱！不满意不要钱！不满意不要钱！重要的事情说三遍！ [钉子]价格：难易程度来定 [钉子]50r - 500r,盐道街大方的紫薯,陕西,爬虫代做，python代写 低价接各类网页爬取，数据分析，机器学习等，提升自我能力，诚信交易。 [红圆]私信说明要做的内容，越详细越好，不满意不要钱！不满意不要钱！不满意不要钱！重要的事情说三遍！ [钉子]价格：难易程度来定 [钉子]50r - 500r
50,包邮,无,python爬虫接单 爬虫数据抓取 爬虫数据可视化 可爬取网页公开的数据、评论、文章、图片等。数据须合规，高效开发，认真负责！ 爬文字 爬图片 爬评论 爬评价 数据抓取 数据分析 数据处理 数据可视化 js逆向 都可以。 简单的复杂的加密的爬虫单都可接。 可爬数据、也可爬虫程序您自助采集...,crawler,河南,python爬虫接单 爬虫数据抓取 爬虫数据可视化 可爬取网页公开的数据、评论、文章、图片等。数据须合规，高效开发，认真负责！ 爬文字 爬图片 爬评论 爬评价 数据抓取 数据分析 数据处理 数据可视化 js逆向 都可以。 简单的复杂的加密的爬虫单都可接。 可爬数据、也可爬虫程序您自助采集...
4.80,包邮,无,【千锋教育】千锋Python全栈Python全栈高性能API 接口服务爬虫数据分析课     [火]标价即售价，拍下秒发货 [火]后续有赠送优质课程   [红圆]包括： Python基础，Python办公自动化，web前端，linux操作系统，mysql数据库，flask框架，django框架，爬虫，...,罗马蓝鲸,广东,【千锋教育】千锋Python全栈Python全栈高性能API 接口服务爬虫数据分析课     [火]标价即售价，拍下秒发货 [火]后续有赠送优质课程   [红圆]包括： Python基础，Python办公自动化，web前端，linux操作系统，mysql数据库，flask框架，django框架，爬虫，...
8.50,包邮/优秀,无,高级爬虫工程师，大厂5年经验，Python爬虫、数据采集、分 析，APP分析、网页逆向、自动化采集、网页渲染样样行。项目辅导、毕业辅导统统不在话下。有需要的朋友可以私聊我哦~高效服务,布响玩辣,安徽,高级爬虫工程师，大厂5年经验，Python爬虫、数据采集、分 析，APP分析、网页逆向、自动化采集、网页渲染样样行。项目辅导、毕业辅导统统不在话下。有需要的朋友可以私聊我哦~高效服务
170,包邮/极好,无,Python数据爬虫，数据爬取在线接单 本人研究生，有较为丰富的爬虫经验。  私信时请详细说明需求，越详细越好。  价格好商量，学生价。  知乎，微博，小红薯，抖音，大众 点评，美团，各平台评论信息，电影排行，房价信息，某度指数数据，zf公开数据，大数据等等等等。,随、寻,广东,Python数据爬虫，数据爬取在线接单 本人研究生，有较为丰富的爬虫经验。  私信时请详细说明需求，越详细越好。  价格好商量，学生价。  知乎，微博，小红薯，抖音，大众 点评，美团，各平台评论信息，电影排行，房价信息，某度指数数据，zf公开数据，大数据等等等等。
60,包邮/极好,无,**Python爬虫接单 | 专业数据采集/API对接** ---  **[超便宜] 可接服务**   1. **电商数据抓取**：淘宝/亚马逊/eBay/TEMU/Ozon商品、销量、评论   2. **企业&专利**：天眼查工商信息、专利数据库自动化采集   3. **社媒爬虫*...,简农软件开发,天津,**Python爬虫接单 | 专业数据采集/API对接** ---  **[超便宜] 可接服务**   1. **电商数据抓取**：淘宝/亚马逊/eBay/TEMU/Ozon商品、销量、评论   2. **企业&专利**：天眼查工商信息、专利数据库自动化采集   3. **社媒爬虫*...
100,包邮/良好,无,"Python爬虫数据采集服务 Python爬虫数据抓取服务！专业网页数据采集
【服务内容】
- 网页内容提取
- 商品信息采集
- 数据爬取分析
【优势特点】
- 支持各类网站数据抓取
- 一站式服务，保证数据质量
- 可接急单，快速响应
- 价格实惠，性价比高
有需要的朋友欢迎私聊咨询，价格好商量～
纯个人服务，非中介，诚信经营。",#清华保送生#,重庆,Python爬虫数据采集服务 Python爬虫数据抓取服务！专业网页数据采集【服务内容】- 网页内容提取- 商品信息采集- 数据爬取分析【优势特点】- 支持各类网站数据抓取- 一站式服务，保证数据质量- 可接急单，快速响应- 价格实惠，性价比高有需要的朋友欢迎私聊咨询，价格好商量～纯个人服务，非中介，诚信经营。
9.99,包邮,无,【Python爬虫接单】Python爬虫定制｜数据爬取服务 可精准抓取网页公开内容：评论、文章、各类数据、图片等，按需定制爬取方案~   [new]附加服务   问题解决、安装调试、环境配置，一站式搞定技术难题！   ⚠️重要声明   1. 爬取内容需绿色健康，拒绝违规信息！ ​ 2...,可爱的程序猿一枚,重庆,【Python爬虫接单】Python爬虫定制｜数据爬取服务 可精准抓取网页公开内容：评论、文章、各类数据、图片等，按需定制爬取方案~   [new]附加服务   问题解决、安装调试、环境配置，一站式搞定技术难题！   ⚠️重要声明   1. 爬取内容需绿色健康，拒绝违规信息！ ​ 2...
50,包邮,无,python爬虫接单 爬虫数据抓取 爬虫可视化 爬文字 爬图片 爬评论 爬评价 数据抓取 数据分析 数据处理 数据可视化 js逆向 都可以。 简单的复杂的加密的爬虫单都可接。 各种电商的、工商的、炒股的、社交的、国外的国内的等等网站都可以。 可爬数据、也可爬虫程序您自助采集数据。  公...,crawler,河南,python爬虫接单 爬虫数据抓取 爬虫可视化 爬文字 爬图片 爬评论 爬评价 数据抓取 数据分析 数据处理 数据可视化 js逆向 都可以。 简单的复杂的加密的爬虫单都可接。 各种电商的、工商的、炒股的、社交的、国外的国内的等等网站都可以。 可爬数据、也可爬虫程序您自助采集数据。  公...
50,包邮,无,"【中英文】Python数据分析与AI服务 【中英文可做】Python数据分析与AI服务

机器学习：擅长使用Python实现各种机器学习算法，包括回归分析、分类（SVM、随机森林、XGBoost、LightGBM）、聚类、异常检测等模型。
深度学习：CNN、RNN、LSTM、GAN、Transformer、Diffusion等神经网络架构，计算机视觉（YOLO、SAM、OCR）、语音识别、视频分析等应用。
大语言模型：GPT、BERT、LLaMA、ChatGLM、Qwen等大模型的Fine-tuning、LoRA、Prompt工程、RAG系统、向量数据库、知识图谱构建。
智能体开发：LangChain、AutoGPT、MetaGPT等Agent框架，多智能体系统、工作流自动化、智能客服、对话机器人开发。
数据处理：数据清洗、ETL流程、特征工程、时间序列分析、爬虫开发、API对接、数据库设计。
数据可视化：Matplotlib、Seaborn、Plotly、Streamlit、Gradio等制作交互式仪表板、实时监控大屏、3D可视化。
自然语言处理：分词、NER、情感分析、文本分类、机器翻译、问答系统、文档解析（PDF、Word、PPT）。
文本挖掘：主题建模（LDA）、关键词提取、文本相似度、知识抽取、舆情分析。
推荐系统：协同过滤、内容推荐、深度推荐算法、个性化推荐引擎。
模型部署：FastAPI、Docker、Kubernetes、模型压缩、边缘计算、分布式训练。
如有需求请私聊，提供具体要求和预算，价格可议。",敲代码的卡皮巴拉,广东,【中英文】Python数据分析与AI服务 【中英文可做】Python数据分析与AI服务机器学习：擅长使用Python实现各种机器学习算法，包括回归分析、分类（SVM、随机森林、XGBoost、LightGBM）、聚类、异常检测等模型。深度学习：CNN、RNN、LSTM、GAN、Transformer、Diffusion等神经网络架构，计算机视觉（YOLO、SAM、OCR）、语音识别、视频分析等应用。大语言模型：GPT、BERT、LLaMA、ChatGLM、Qwen等大模型的Fine-tuning、LoRA、Prompt工程、RAG系统、向量数据库、知识图谱构建。智能体开发：LangChain、AutoGPT、MetaGPT等Agent框架，多智能体系统、工作流自动化、智能客服、对话机器人开发。数据处理：数据清洗、ETL流程、特征工程、时间序列分析、爬虫开发、API对接、数据库设计。数据可视化：Matplotlib、Seaborn、Plotly、Streamlit、Gradio等制作交互式仪表板、实时监控大屏、3D可视化。自然语言处理：分词、NER、情感分析、文本分类、机器翻译、问答系统、文档解析（PDF、Word、PPT）。文本挖掘：主题建模（LDA）、关键词提取、文本相似度、知识抽取、舆情分析。推荐系统：协同过滤、内容推荐、深度推荐算法、个性化推荐引擎。模型部署：FastAPI、Docker、Kubernetes、模型压缩、边缘计算、分布式训练。如有需求请私聊，提供具体要求和预算，价格可议。
9,包邮,无,大学生python爬虫服务（仅面向大学生超实惠朋友价 大学生爬虫服务（仅面向大学生，超实惠朋友价） 本人是大学生，提供爬虫相关服务，以下是近一个月完成的爬虫项目内容： 1. 政府公开信息网站：爬取农产品、植物等相关公开信息，网站无反爬机制。 2. 某博：可获取内容、评论以...,天天熬夜的程序猿,河南,大学生python爬虫服务（仅面向大学生超实惠朋友价 大学生爬虫服务（仅面向大学生，超实惠朋友价） 本人是大学生，提供爬虫相关服务，以下是近一个月完成的爬虫项目内容： 1. 政府公开信息网站：爬取农产品、植物等相关公开信息，网站无反爬机制。 2. 某博：可获取内容、评论以...
45,极好,20小时前降价,"Python软件开发，数据爬取与分析 Python数据分析、python代码编写、 网络爬虫、复杂网络分析、公交网络数据爬取（excel，csv以及shp文件均可） 
 下单流程：
   1.阐述需求
   2.确定价格、周期
   3.先验收 后结款",迪迦奥特曼重点保护对象,江苏,Python软件开发，数据爬取与分析 Python数据分析、python代码编写、 网络爬虫、复杂网络分析、公交网络数据爬取（excel，csv以及shp文件均可）  下单流程：   1.阐述需求   2.确定价格、周期   3.先验收 后结款
31,包邮,无,Python爬虫接单：微博、豆瓣、小红书 抖音、美团、大众点评等平台数据都可以抓取 数据需合法合规  数据分析，数据处理，数据可视化。 可导出CSV、Excel、JSON、MySQL等格式 高效精准，价格优惠  有需要的朋友，欢迎咨询[超便宜],小舞学姐爱写作,上海,Python爬虫接单：微博、豆瓣、小红书 抖音、美团、大众点评等平台数据都可以抓取 数据需合法合规  数据分析，数据处理，数据可视化。 可导出CSV、Excel、JSON、MySQL等格式 高效精准，价格优惠  有需要的朋友，欢迎咨询[超便宜]
60,包邮,无,python爬虫数据抓取代编程程序代码软件脚本编写定制接单代 做爬取   欢迎问价，本人有耐心沟通，响应及时，不买也可以来问[送花][送花][送花] 注意:所有数据必须为公开数据，合法渠道。 感兴趣的话点“我想要”和我私聊吧～ #达人在线帮忙  #发布技能来赚钱,python快做帮手,上海,python爬虫数据抓取代编程程序代码软件脚本编写定制接单代 做爬取   欢迎问价，本人有耐心沟通，响应及时，不买也可以来问[送花][送花][送花] 注意:所有数据必须为公开数据，合法渠道。 感兴趣的话点“我想要”和我私聊吧～ #达人在线帮忙  #发布技能来赚钱
100,包邮/良好,2天内降价,"Python爬虫数据采集接单 Python爬虫接单！专业数据采集，价格实惠
【服务范围】
- 微博、知乎、豆瓣等社交媒体数据
- 百度小说、新闻、帖子等公开数据
- 网页内容提取、商品信息采集等
【优势】
- 团队经验丰富，数据准确
- 可接急单，一站式服务
- 支持定制化需求
【工期】1-5天内完成
【售后】7天维护期
感兴趣的朋友欢迎点""我想要""私聊详谈～
价格好商量，欢迎咨询！",#清华保送生#,湖北,"Python爬虫数据采集接单 Python爬虫接单！专业数据采集，价格实惠【服务范围】- 微博、知乎、豆瓣等社交媒体数据- 百度小说、新闻、帖子等公开数据- 网页内容提取、商品信息采集等【优势】- 团队经验丰富，数据准确- 可接急单，一站式服务- 支持定制化需求【工期】1-5天内完成【售后】7天维护期感兴趣的朋友欢迎点""我想要""私聊详谈～价格好商量，欢迎咨询！"
15,包邮/良好,9小时前发布,"985团队Python爬虫接单 Python爬虫接单，985专业团队，性价比高，
包括但不限于评论、m3u8视频、某宝热门商品、图书小说等等",爱笑的仙女星人,广东,985团队Python爬虫接单 Python爬虫接单，985专业团队，性价比高，包括但不限于评论、m3u8视频、某宝热门商品、图书小说等等
30,包邮,无,「帮你自动抓取网页数据」Python爬虫定制 我能帮你做什么？ 写程序自动采集网页上的文字、图片、价格等信息 自动整理成Excel表格或存入数据库 每天定时自动运行，省去手动复制的麻烦 特别适合需要批量获取公开数据的场景  常见用途举例： •+监控各大电商网站商品价格变动...,好好睡觉,重庆,「帮你自动抓取网页数据」Python爬虫定制 我能帮你做什么？ 写程序自动采集网页上的文字、图片、价格等信息 自动整理成Excel表格或存入数据库 每天定时自动运行，省去手动复制的麻烦 特别适合需要批量获取公开数据的场景  常见用途举例： •+监控各大电商网站商品价格变动...
50,包邮/极好,无,数据采集，python爬虫，小红书，微博，B站，抖音，快手 微博可突破50页限制 个人开发者，非代理他人软件 采集软件也可售卖，包教包会，让您实现采集自由  也可定制爬虫，或采集数据 价格30~400根据难易而定,人在江湖,浙江,数据采集，python爬虫，小红书，微博，B站，抖音，快手 微博可突破50页限制 个人开发者，非代理他人软件 采集软件也可售卖，包教包会，让您实现采集自由  也可定制爬虫，或采集数据 价格30~400根据难易而定
50,包邮,无,数据爬虫python数据监测网页抓取 批量下载 python 代写 爬虫代写 数据监测 自动化脚本 python脚本 python爬虫 网络爬虫 网页爬虫 资料爬取 网页爬虫 网页爬取 网页采集  质量保证，不解决问题不收费,crawler,河南,数据爬虫python数据监测网页抓取 批量下载 python 代写 爬虫代写 数据监测 自动化脚本 python脚本 python爬虫 网络爬虫 网页爬虫 资料爬取 网页爬虫 网页爬取 网页采集  质量保证，不解决问题不收费
50,包邮,无,"「python爬虫接单」 [new] 可抓网页/小程序/公众号/app等数据 [灯泡]js逆向,js加密解密,sign解密,算法分析,js参数逆向算法还原,header解密   Python爬虫,js逆向,网页网站公数据抓取,公众号文章抓取,网页填表,数据清洗,...",浅夏花开,江苏,"「python爬虫接单」 [new] 可抓网页/小程序/公众号/app等数据 [灯泡]js逆向,js加密解密,sign解密,算法分析,js参数逆向算法还原,header解密   Python爬虫,js逆向,网页网站公数据抓取,公众号文章抓取,网页填表,数据清洗,..."
99.99,包邮,20小时前发布,"python爬虫接单 （京东，淘宝，哔站，豆瓣、红薯等等都可 ）
大数据 采集与可视化 爬文字爬图片 爬评论，只要是公开合法的数据都可以爬取 已有系统加功能 也可以 看具体需求 大数据 可视化
定制爬虫 说出你的需求 先了解需求在报价
词云可以多种类型 只做公开的数据爬虫
直接描述需求 我一直都在 
代码调试通通都可以
matplotlib绘图都可以 有需要的都可以了说出需求
文本类可以做 情感分析 词云 词频 语义网络分析 lda主题分析
数据库可以坐图表 大屏可视化 文本分析都可以
提供源码
国外的也可以
有需要的可以咨询 公开数据都可以采集
定制爬虫 有需要的滴滴 细节具体沟通 滴滴 
高效高效 定制爬虫 有需要的滴滴",程序猿搬砖,四川,python爬虫接单 （京东，淘宝，哔站，豆瓣、红薯等等都可 ）大数据 采集与可视化 爬文字爬图片 爬评论，只要是公开合法的数据都可以爬取 已有系统加功能 也可以 看具体需求 大数据 可视化定制爬虫 说出你的需求 先了解需求在报价词云可以多种类型 只做公开的数据爬虫直接描述需求 我一直都在 代码调试通通都可以matplotlib绘图都可以 有需要的都可以了说出需求文本类可以做 情感分析 词云 词频 语义网络分析 lda主题分析数据库可以坐图表 大屏可视化 文本分析都可以提供源码国外的也可以有需要的可以咨询 公开数据都可以采集定制爬虫 有需要的滴滴 细节具体沟通 滴滴 高效高效 定制爬虫 有需要的滴滴
9.50,包邮,无,爬虫 python爬虫  红薯 某yin 某bo爬帖子 只要 是公开合法的数据都可以爬取，也可脚本定制等[火] 本人热情好客，随时有空，有耐心，有需求就来问我，不买也可以问。  全天24小时在线欢迎打扰 具体价位根据网站需求来定 30-300 质优价廉，7年老店，可开发票[火] 做到您满意为止，有完整...,爬虫自动化高级工程师,浙江,爬虫 python爬虫  红薯 某yin 某bo爬帖子 只要 是公开合法的数据都可以爬取，也可脚本定制等[火] 本人热情好客，随时有空，有耐心，有需求就来问我，不买也可以问。  全天24小时在线欢迎打扰 具体价位根据网站需求来定 30-300 质优价廉，7年老店，可开发票[火] 做到您满意为止，有完整...
9.90,包邮,18小时前发布,"Python爬虫数据采集服务 专业Python爬虫/数据采集服务，全网平台均可抓取！

可采集电商数据、用户评论、文章内容、图片等多种公开信息，安全合规，高效交付。
学生特惠价区间30-300元，关注还可享粉丝折扣！下单并好评免费赠送爬虫源码！
如有需求请先私信沟通，切勿直接拍下！
#Python爬虫 #数据采集 #评论爬虫 #电商数据抓取 #爬虫代码",科技小北,河北,Python爬虫数据采集服务 专业Python爬虫/数据采集服务，全网平台均可抓取！可采集电商数据、用户评论、文章内容、图片等多种公开信息，安全合规，高效交付。学生特惠价区间30-300元，关注还可享粉丝折扣！下单并好评免费赠送爬虫源码！如有需求请先私信沟通，切勿直接拍下！#Python爬虫 #数据采集 #评论爬虫 #电商数据抓取 #爬虫代码
4.80,包邮,无,2025新版老男孩Python全栈30期，涵盖Python基 础、Web开发、爬虫、小程序等  [钉子]课程内容丰富，讲解深入，适合零基础入门到进阶学习就业 [火]视频资料齐全，视频不加密 [火]标价即售价，拍下之后秒发货    法律声明:本店所有资源均通过网络等公开合法渠道获取，仅供个人学习交流使用...,罗马蓝鲸,北京,2025新版老男孩Python全栈30期，涵盖Python基 础、Web开发、爬虫、小程序等  [钉子]课程内容丰富，讲解深入，适合零基础入门到进阶学习就业 [火]视频资料齐全，视频不加密 [火]标价即售价，拍下之后秒发货    法律声明:本店所有资源均通过网络等公开合法渠道获取，仅供个人学习交流使用...
50,包邮,无,Python网页爬虫，XPath、BeautifulSoup 、pyquery、re正则解析，selenium自动化，破解验证码，scrapy框架，数据库存储等等。  只爬取公开合法的数据！！！可实现批量处理excel、csv、txt、json、pdf。  请直接发需求，报价后下单，不满意或做不出来全...,没有没有,北京,Python网页爬虫，XPath、BeautifulSoup 、pyquery、re正则解析，selenium自动化，破解验证码，scrapy框架，数据库存储等等。  只爬取公开合法的数据！！！可实现批量处理excel、csv、txt、json、pdf。  请直接发需求，报价后下单，不满意或做不出来全...
36,包邮,无,Python爬虫接单：微博、豆瓣、小红书 抖音、美团、大众点评等平台数据都可以抓取 数据需合法合规  数据分析，数据处理，数据可视化。 可导出CSV、Excel、JSON、MySQL等格式 高效精准，价格优惠,盐道街大方的紫薯,北京,Python爬虫接单：微博、豆瓣、小红书 抖音、美团、大众点评等平台数据都可以抓取 数据需合法合规  数据分析，数据处理，数据可视化。 可导出CSV、Excel、JSON、MySQL等格式 高效精准，价格优惠
30,包邮,无,专业python 爬虫、数据采集、数据分析，支持各种程序开发 、办公自动化、程序定制，不管是电商、社交、自媒体，都能提供定制化的python 爬虫服务。 爬虫数据抓取python接单软件开发网页小程序app网站定制代编程 有需要的朋友欢迎私聊咨询，详细需求请提前说明哦～ 虚拟服务，售出不退不换，介意勿...,键盘上的渔夫,重庆,专业python 爬虫、数据采集、数据分析，支持各种程序开发 、办公自动化、程序定制，不管是电商、社交、自媒体，都能提供定制化的python 爬虫服务。 爬虫数据抓取python接单软件开发网页小程序app网站定制代编程 有需要的朋友欢迎私聊咨询，详细需求请提前说明哦～ 虚拟服务，售出不退不换，介意勿...
50,包邮,无,Python爬虫数据抓取与分析服务 Python爬虫承接各类数据抓取任包括公开网页、论坛帖子、评论等 [特惠]学生专属优惠，批量采集网站公开信息 [特惠]免费提供代码修改及售后服务，确保代码可用 [特惠]个性化服务，可远程协助调试，确保运行成功 [特惠]支持各大平台数据抓取，...,全栈程序员,河北,Python爬虫数据抓取与分析服务 Python爬虫承接各类数据抓取任包括公开网页、论坛帖子、评论等 [特惠]学生专属优惠，批量采集网站公开信息 [特惠]免费提供代码修改及售后服务，确保代码可用 [特惠]个性化服务，可远程协助调试，确保运行成功 [特惠]支持各大平台数据抓取，...
44,包邮/良好,无,Python爬虫只有学生价，没有其他价[火][hot][火] 数据采集，数据爬虫[火]  只要能看到的，万物皆可爬[1]  欢迎询问,羽謊,广东,Python爬虫只有学生价，没有其他价[火][hot][火] 数据采集，数据爬虫[火]  只要能看到的，万物皆可爬[1]  欢迎询问
50,包邮/极好,无,python爬虫最新升级版：小红书xhs，抖音douyin， b站bilibili，快手ks，微博wb，贴吧tieba，知乎zhihu。,采集_渊,浙江,python爬虫最新升级版：小红书xhs，抖音douyin， b站bilibili，快手ks，微博wb，贴吧tieba，知乎zhihu。
50,包邮,无,stata辅导(可python爬虫) 全套带做，实证分析，回归分析 可接急单 每一份都是自己用心处理，尽力去保证显著性，不篡改数据，诚信、认真！  全套包括以下: 1.描述性统计、相关性分析 (多重共线性检验，单变量分析等 2.数据处理 (整理，合并，缩尾中心化等等) 3....,STATA,四川,stata辅导(可python爬虫) 全套带做，实证分析，回归分析 可接急单 每一份都是自己用心处理，尽力去保证显著性，不篡改数据，诚信、认真！  全套包括以下: 1.描述性统计、相关性分析 (多重共线性检验，单变量分析等 2.数据处理 (整理，合并，缩尾中心化等等) 3....
15,包邮,无,【学生价】Python爬虫定制，可爬取网页公开的数据、评论、 文章、图片等。数据须合规，高效开发，认真负责！ ❤️价格：根据难易程度来定 ❤️30-300 好评免费赠送code  Python爬虫接单&&数据采集，全网接各种平台 APP 电商平台 采集评论 文章 拼多多 地图 poi ...,志强Python,浙江,【学生价】Python爬虫定制，可爬取网页公开的数据、评论、 文章、图片等。数据须合规，高效开发，认真负责！ ❤️价格：根据难易程度来定 ❤️30-300 好评免费赠送code  Python爬虫接单&&数据采集，全网接各种平台 APP 电商平台 采集评论 文章 拼多多 地图 poi ...
20,包邮,无,Python 网页爬虫服务！网页数据抓取、信息提取，自动化处 理，效率提升神器！  服务内容： - 网页数据抓取：从各大网站轻松获取结构化数据。 - 定制化信息提取：按需定制，精准抓取商品价格、用户评论等。 - 数据清洗与处理：保证数据质量，去重、格式化一步到位。 - 自动化任务：定时更新数据，解放双...,代码驿站,广东,Python 网页爬虫服务！网页数据抓取、信息提取，自动化处 理，效率提升神器！  服务内容： - 网页数据抓取：从各大网站轻松获取结构化数据。 - 定制化信息提取：按需定制，精准抓取商品价格、用户评论等。 - 数据清洗与处理：保证数据质量，去重、格式化一步到位。 - 自动化任务：定时更新数据，解放双...
40,极好,3天内降价,爬虫接单，Python数据抓取，数据分析，专业高效！ 本店爬虫经验丰富，成功抓取过微博、豆瓣、携程、抖音等众多主流网站，累计案例超500+！  无论你是要数据采集、接口调试、文本抽取、验证码破解，还是加密算法处理，统统能搞定！  你来提供网站或接口，我来交付完整代码或结构化数据！  复杂解...,沧元编程,陕西,爬虫接单，Python数据抓取，数据分析，专业高效！ 本店爬虫经验丰富，成功抓取过微博、豆瓣、携程、抖音等众多主流网站，累计案例超500+！  无论你是要数据采集、接口调试、文本抽取、验证码破解，还是加密算法处理，统统能搞定！  你来提供网站或接口，我来交付完整代码或结构化数据！  复杂解...
10,良好,16小时前降价,"Python爬虫自动化-脚本定制-软件开发项目承接 全栈软件开发，欢迎各类项目合作。技术栈包括：
前端开发：HTML, CSS, JavaScript（React, Vue, Angular） 
后端开发：Python（Django, Flask）、Node.js、Java 
数据库管理：MySQL, PostgreSQL, MongoDB, Redis 
自动化解决方案：办公自动化、数据采集与分析、爬虫开发 
API开发与集成：RESTful API、GraphQL 
云服务：AWS, Azure, Docker, Kubernetes 
请提供您的项目需求和预算，我们将共同探讨解决方案。
标签：#项目合作 #软件开发 #全栈开发 #Python #前端开发 #后端开发 #数据库 #API开发 #云服务 #自动化 #数据采集
定金",龙神之刃,广东,"Python爬虫自动化-脚本定制-软件开发项目承接 全栈软件开发，欢迎各类项目合作。技术栈包括：前端开发：HTML, CSS, JavaScript（React, Vue, Angular） 后端开发：Python（Django, Flask）、Node.js、Java 数据库管理：MySQL, PostgreSQL, MongoDB, Redis 自动化解决方案：办公自动化、数据采集与分析、爬虫开发 API开发与集成：RESTful API、GraphQL 云服务：AWS, Azure, Docker, Kubernetes 请提供您的项目需求和预算，我们将共同探讨解决方案。标签：#项目合作 #软件开发 #全栈开发 #Python #前端开发 #后端开发 #数据库 #API开发 #云服务 #自动化 #数据采集定金"
8.88,包邮/良好,无,Python爬虫服务，各类数据抓取轻松搞定！ 服务内容： - 抓取公开网页、论坛帖子、评论等 - 学生专属优惠，批量采集更划算 - 免费代码修改及售后，用得放心 - 远程协助调试，确保运行顺畅 - 支持各大平台：微博、豆瓣、小红书、抖音、美团、大众点评等 - 数据挖掘分析：词云、情...,会吃猫的鱼摆,浙江,Python爬虫服务，各类数据抓取轻松搞定！ 服务内容： - 抓取公开网页、论坛帖子、评论等 - 学生专属优惠，批量采集更划算 - 免费代码修改及售后，用得放心 - 远程协助调试，确保运行顺畅 - 支持各大平台：微博、豆瓣、小红书、抖音、美团、大众点评等 - 数据挖掘分析：词云、情...
60,包邮/良好,无,Python 数据采集 爬虫 爬取海外 推特、reddit、ins等的公开数据，评论，文章，数据，图片等  数据须合法合规  速度很快，欢迎来询,陆子宁,山东,Python 数据采集 爬虫 爬取海外 推特、reddit、ins等的公开数据，评论，文章，数据，图片等  数据须合法合规  速度很快，欢迎来询
32.17,包邮,无,"正版二手书Python网络爬虫与数据分析从入门到实践 马国俊 清华大 ISBN: 9787302627814

作者: 马国俊

出版社: 清华大学出版社

出版时间: 2023-01
✅关于正版：本店铺所售图书均为大学回收的正版二手图书，我们专注于正版二手图书买卖，大家可以放心购买。
◆ 内页可能有划线或笔记（随机发货，不指定品相）
◆ 无缺页、无脱胶、无大面积污渍
◆ 不含原版光盘/附册/激活码（默认无附件）
◆多本订单可能分仓发货。
✅价格说明：商品标价即为实价，不会像其他店铺那样存在价格虚标情况。关注店铺并收藏商品，将享受优先发货服务。

✅品相说明：图书品相大约八成新，部分书籍可能有笔记或划线，但不影响阅读，不缺页无破损。习题集的完成情况不确定，且默认不包含光盘、磁带等赠品，我们会挑选品相较好的书籍发货。

✅发货时间：关注并收藏商品后优先发货，大部分订单我们会在24小时内发货，最晚不超过48小时。大部分地区都是包邮，但青海、海南、内蒙古、新疆、西藏、甘肃、宁夏地区不包邮，需根据书籍数量补足运费，具体可咨询一下客服。

✅收货&评价：二手书籍利润很薄，收货后请尽快确认并评价。签收前请务必仔细检查，确认无误后再收货。如果特殊情况，请及时联系一下客服。若因个人原因拒收或退回商品，需承担发货费用。
防纠纷特别声明
▸ 地址错误需重拍！不支持中途修改地址
▸ 已发货订单拒收需付运费（书款原路退回）
▸ 二手书不支持7天无理由，介意慎拍！
▸ 小店利润微薄，请勿恶意差评，有问题先沟通！ 
下单操作指南
急单/查书：点「我想要」私信客服
直接购买：点「立即购买」按规格下单",蒲甘的二手书店,重庆,"正版二手书Python网络爬虫与数据分析从入门到实践 马国俊 清华大 ISBN: 9787302627814作者: 马国俊出版社: 清华大学出版社出版时间: 2023-01✅关于正版：本店铺所售图书均为大学回收的正版二手图书，我们专注于正版二手图书买卖，大家可以放心购买。◆ 内页可能有划线或笔记（随机发货，不指定品相）◆ 无缺页、无脱胶、无大面积污渍◆ 不含原版光盘/附册/激活码（默认无附件）◆多本订单可能分仓发货。✅价格说明：商品标价即为实价，不会像其他店铺那样存在价格虚标情况。关注店铺并收藏商品，将享受优先发货服务。✅品相说明：图书品相大约八成新，部分书籍可能有笔记或划线，但不影响阅读，不缺页无破损。习题集的完成情况不确定，且默认不包含光盘、磁带等赠品，我们会挑选品相较好的书籍发货。✅发货时间：关注并收藏商品后优先发货，大部分订单我们会在24小时内发货，最晚不超过48小时。大部分地区都是包邮，但青海、海南、内蒙古、新疆、西藏、甘肃、宁夏地区不包邮，需根据书籍数量补足运费，具体可咨询一下客服。✅收货&评价：二手书籍利润很薄，收货后请尽快确认并评价。签收前请务必仔细检查，确认无误后再收货。如果特殊情况，请及时联系一下客服。若因个人原因拒收或退回商品，需承担发货费用。防纠纷特别声明▸ 地址错误需重拍！不支持中途修改地址▸ 已发货订单拒收需付运费（书款原路退回）▸ 二手书不支持7天无理由，介意慎拍！▸ 小店利润微薄，请勿恶意差评，有问题先沟通！ 下单操作指南急单/查书：点「我想要」私信客服直接购买：点「立即购买」按规格下单"
100,包邮,18小时前发布,"Python爬虫 文旅数据系统 Python爬虫文旅数据分析系统，专业定制开发！(可根据要求定制其他类型的系统)
 数据采集模块：爬虫抓取文旅网站数据
 数据清洗模块：去重/格式转换
 数据分析模块：统计分析/趋势预测
 可视化展示模块：图表/地图可视化
专业团队开发，全程一对一指导，确保项目成功！
感兴趣的话点""我想要""私聊详谈～
 关注我享受粉丝价格
 一切交易走咸鱼
Python爬虫 数据采集
#技能服务 #发布技能来赚钱 #网店/网络服务/软件",小爬爬零零柒,山西,"Python爬虫 文旅数据系统 Python爬虫文旅数据分析系统，专业定制开发！(可根据要求定制其他类型的系统) 数据采集模块：爬虫抓取文旅网站数据 数据清洗模块：去重/格式转换 数据分析模块：统计分析/趋势预测 可视化展示模块：图表/地图可视化专业团队开发，全程一对一指导，确保项目成功！感兴趣的话点""我想要""私聊详谈～ 关注我享受粉丝价格 一切交易走咸鱼Python爬虫 数据采集#技能服务 #发布技能来赚钱 #网店/网络服务/软件"
50,包邮/优秀,无,python爬虫，数据采集， 万物皆可爬，可按个人具体需求定 制，提供需要爬取的网页链接就ok 文本预处理 文本数据采集 jieba分词  去停用词 词频分析  词云图定制  tf-idf 关键词提取 共现矩阵 语义网络 bertopic主题模型 lda 主题模型 Word2vec   计算主题困惑度...,经济学小博士,河北,python爬虫，数据采集， 万物皆可爬，可按个人具体需求定 制，提供需要爬取的网页链接就ok 文本预处理 文本数据采集 jieba分词  去停用词 词频分析  词云图定制  tf-idf 关键词提取 共现矩阵 语义网络 bertopic主题模型 lda 主题模型 Word2vec   计算主题困惑度...
50,包邮,无,python爬虫接单，爬推特，某d音，某美团， 爬某书，爬某 b站   爬文字 爬图片 爬评论 爬评价 分析 可视化 爬小程序 爬app数据  需要js逆向的也可以爬，只要是公开的数据都可以爬取，逆向单不提供源码，具体价格看需求，各位老板合作愉快！,啊宅99,浙江,python爬虫接单，爬推特，某d音，某美团， 爬某书，爬某 b站   爬文字 爬图片 爬评论 爬评价 分析 可视化 爬小程序 爬app数据  需要js逆向的也可以爬，只要是公开的数据都可以爬取，逆向单不提供源码，具体价格看需求，各位老板合作愉快！
50,包邮/极好,无,python爬虫接单 数据抓取  爬图片 爬评论 爬评价 爬文章 爬电商数据 都可以，要求公开数据的都可以爬取  本人热情好客，性格很好服务很好，随时有空，有耐心，有需求就来问我，不买也可以问。,采集_渊,浙江,python爬虫接单 数据抓取  爬图片 爬评论 爬评价 爬文章 爬电商数据 都可以，要求公开数据的都可以爬取  本人热情好客，性格很好服务很好，随时有空，有耐心，有需求就来问我，不买也可以问。
35,优秀,无,Python爬虫大数据分析项目 链家租房信息数据分析 jupyter+pyecharts+爬虫 带爬虫代码 带csv数据文件 带数据分析报告文档,太平洋杰出饮料,福建,Python爬虫大数据分析项目 链家租房信息数据分析 jupyter+pyecharts+爬虫 带爬虫代码 带csv数据文件 带数据分析报告文档
6,良好,无,python爬虫，只有学生价，没有别的价！ 关注我享受粉丝价！ 纯技术暖男、被逼接爬虫！ 敲的代码比吃的盐粒都多！ 各种简单的、复杂的、有难度的爬虫单都接！ 不需要您捋清需求，您只说想要什么，具体的需求我来捋顺！ 不需要您死磕规则，详细业务的业务规则我引导您来做！ 价格温柔、暖男...,修改满意程序员,湖北,python爬虫，只有学生价，没有别的价！ 关注我享受粉丝价！ 纯技术暖男、被逼接爬虫！ 敲的代码比吃的盐粒都多！ 各种简单的、复杂的、有难度的爬虫单都接！ 不需要您捋清需求，您只说想要什么，具体的需求我来捋顺！ 不需要您死磕规则，详细业务的业务规则我引导您来做！ 价格温柔、暖男...
50,包邮,无,python数据爬虫，数据采集，定制化采集 [钉子]完成时间最快半个小时，最晚三天 [钉子]价格按照难度，30-500不等 [钉子]聊一聊直接发需求，评估好，直接报价，或者带预算也可以 [钉子]个人开发者，店主就是写手,崭新de琉璃,湖北,python数据爬虫，数据采集，定制化采集 [钉子]完成时间最快半个小时，最晚三天 [钉子]价格按照难度，30-500不等 [钉子]聊一聊直接发需求，评估好，直接报价，或者带预算也可以 [钉子]个人开发者，店主就是写手
26.60,包邮/良好,无,Python爬虫只有学生价，没有其他价[火][火][火] 数据采集，数据爬虫[hot]  只要能看到的，万物皆可爬[1]  欢迎询问,羽謊,广东,Python爬虫只有学生价，没有其他价[火][火][火] 数据采集，数据爬虫[hot]  只要能看到的，万物皆可爬[1]  欢迎询问
20,包邮,无,"Python爬虫定制开发服务 【Python爬虫定制服务】数据采集｜网页抓取｜信息整理

提供专业Python爬虫开发服务，可按需定制，稳定高效

支持各类网站数据采集，包括但不限于：
静态/动态网页数据
电商平台商品信息
新闻资讯与社交媒体内容
行业报告及公开数据

服务优势：
快速响应，支持多线程高并发采集
数据清洗、结构化输出（JSON、CSV、Excel等格式）
可提供API对接或本地部署方案
技术支持至项目交付完成",代码锻造师,安徽,Python爬虫定制开发服务 【Python爬虫定制服务】数据采集｜网页抓取｜信息整理提供专业Python爬虫开发服务，可按需定制，稳定高效支持各类网站数据采集，包括但不限于：静态/动态网页数据电商平台商品信息新闻资讯与社交媒体内容行业报告及公开数据服务优势：快速响应，支持多线程高并发采集数据清洗、结构化输出（JSON、CSV、Excel等格式）可提供API对接或本地部署方案技术支持至项目交付完成
30,包邮,无,Python数据专家服务 | 爬虫·分析·可视化·办公自动化 专业提供： √ 网络爬虫开发（电商/社交/房产等数据采集） √ 数据分析与可视化（生成专业图表/词云图） √ 数据清洗与处理 √ Python办公自动化脚本定制  服务承诺：  1. 按需...,键盘上的渔夫,重庆,Python数据专家服务 | 爬虫·分析·可视化·办公自动化 专业提供： √ 网络爬虫开发（电商/社交/房产等数据采集） √ 数据分析与可视化（生成专业图表/词云图） √ 数据清洗与处理 √ Python办公自动化脚本定制  服务承诺：  1. 按需...
39.90,包邮,无,"Python爬虫开发；自动化数据采集+API接口封装；协议爬取 提供基于Python的智能化爬虫服务开发，
通过多线程/异步技术实现高并发数据采集，
支持动态IP代理、请求头模拟等反反爬策略
支持将爬虫能力封装为RESTful API接口。",悲伤的毛肚,福建,Python爬虫开发；自动化数据采集+API接口封装；协议爬取 提供基于Python的智能化爬虫服务开发，通过多线程/异步技术实现高并发数据采集，支持动态IP代理、请求头模拟等反反爬策略支持将爬虫能力封装为RESTful API接口。
50,包邮,无,【金牌爬虫】Python数据采集专家 | 定制化爬虫开发。 ✓全网公开数据皆可爬 ✓反爬破解保障 ✓数据清洗交付,喜欢喝冰镇冰糖红西柚,湖北,【金牌爬虫】Python数据采集专家 | 定制化爬虫开发。 ✓全网公开数据皆可爬 ✓反爬破解保障 ✓数据清洗交付
34,包邮,无,Python数据爬虫&js逆向&过验证码&登录接口，在线接单 本人研究生，有较为丰富的爬虫经验。  私信时请提供需要爬取的网站或app并详细说明需求，越详细越好。  价格好商量，学生价。  某bo数据，评论，电影排行，房价信息，某度zhishu数据，zf公开数据等等等等。（可提供源码，合法范围内，...,云淡风轻,山东,Python数据爬虫&js逆向&过验证码&登录接口，在线接单 本人研究生，有较为丰富的爬虫经验。  私信时请提供需要爬取的网站或app并详细说明需求，越详细越好。  价格好商量，学生价。  某bo数据，评论，电影排行，房价信息，某度zhishu数据，zf公开数据等等等等。（可提供源码，合法范围内，...
50,包邮,无,"java代做，python代做，网站开发，小程序app开发， bug解决，计算机项目，部署项目

24小时为您服务，顾客至上
【软件开发服务内容】
网站开发，小程序开发，app开发，程序代做，脚本开发，爬虫脚本，网站定制，小程序定制，app定制，软件定制，计算机项目，计算机程序设计

【后端服务内容】
java代做，python代做，matlab代做，php代做，c++ 代做，c语言代做，C#代做，nodejs，Javaweb，JSP，go，SpringBoot，bug解决，SSM项目，微服务，代码讲解，代码编写代做

【前端服务内容】
vue代做、React代做，Html，css，JavaScript，uniapp，TypeScript

【服务保障】
官方认证技能人，服务上百位客户，全部可接，包售后做不了全额退款，有问题免费修改，百分百好评，放心下单，价格可谈，人好说话。

【下单流程】
1⃣️点击右下角聊一聊咨询我：
2⃣️描述您的需求和交付给您的时间，我会给您评估下价格，您也可以说您预算，价格可谈。",技术小雅,广东,java代做，python代做，网站开发，小程序app开发， bug解决，计算机项目，部署项目24小时为您服务，顾客至上【软件开发服务内容】网站开发，小程序开发，app开发，程序代做，脚本开发，爬虫脚本，网站定制，小程序定制，app定制，软件定制，计算机项目，计算机程序设计【后端服务内容】java代做，python代做，matlab代做，php代做，c++ 代做，c语言代做，C#代做，nodejs，Javaweb，JSP，go，SpringBoot，bug解决，SSM项目，微服务，代码讲解，代码编写代做【前端服务内容】vue代做、React代做，Html，css，JavaScript，uniapp，TypeScript【服务保障】官方认证技能人，服务上百位客户，全部可接，包售后做不了全额退款，有问题免费修改，百分百好评，放心下单，价格可谈，人好说话。【下单流程】1⃣️点击右下角聊一聊咨询我：2⃣️描述您的需求和交付给您的时间，我会给您评估下价格，您也可以说您预算，价格可谈。
50,包邮/极好,无,学生价！爬虫接单 Python 爬虫 数据采集 网页采集 数据采集，数据处理，个人非团队，欢迎咨询，价格优惠，按量计算  白天在线！(点我试试)  python 程序。24小时在线   可爬网页，小程序公众号 app。 各种简单的复杂的加密的爬虫单都接    可爬数据、也可爬虫程序您自助采集数...,采集_渊,浙江,学生价！爬虫接单 Python 爬虫 数据采集 网页采集 数据采集，数据处理，个人非团队，欢迎咨询，价格优惠，按量计算  白天在线！(点我试试)  python 程序。24小时在线   可爬网页，小程序公众号 app。 各种简单的复杂的加密的爬虫单都接    可爬数据、也可爬虫程序您自助采集数...
30,包邮,无,"【专业Python爬虫数据采集脚本定制竞品监控舆情分析自动化 交付】

[灯泡]「核心服务」
    [1]定制开发Python爬虫脚本
    [2]精准采集公开网页数据
    [3]数据清洗导出
    [不刀]杜绝隐私抓取｜破解攻击｜侵权操作！

[黄圆]手动复制低效易错？[右]自动化秒级采集
[红圆]竞品价格波动难追踪？[右]实时监控数据导出
[蓝圆]论文数据收集耗时？[右]定向抓取结构化交付
[绿圆]舆情信息分散？[右]多平台公开评论聚合
[黄圆]企业信息查询繁琐？[右]批量抓取工商信息

[钉子]「服务流程」
    1.需求沟通
    2.合规评估
    3.报价签约
    4.定金支付
    5.开发测试
    6.验收结单

[钉子]「保障承诺」
｜安全合规｜代码注释清晰｜交付完整文档｜包售后｜

[钉子]「应用场景」
    [五角星]市场分析   → 房产｜招聘数据聚合
    [五角星]学术研究   → 文献信息批量获取
    [五角星]舆情监测   → 新闻｜论坛公开话题追踪
    [五角星]企业决策   → 工商信息批量查询
    [五角星]电商运营   → 竞品价格监控｜商品描述抓取
    

[钉子]「费用说明」
    [右]基础需求：¥100起  
    [右]复杂度加价项：¥200起
    [右]点击【我想要】发送具体需求，获取精准报价！  

[钉子]「购买须知」
    [1]提供清晰需求文档者优先接单
    [2]开发周期通常1-3天（视复杂度而定）

[钉子]「技术背书」
    » 3年Python爬虫开发经验，处理过电商｜政务｜学术等领域百余案例

    » 现在咨询即送《数据采集合规指南》电子版！  

----------------------------------
让技术成为生产力，而非法律风险源！
只做合规项目，持久合作方能共赢！
----------------------------------",昔日z_,广东,【专业Python爬虫数据采集脚本定制竞品监控舆情分析自动化 交付】[灯泡]「核心服务」    [1]定制开发Python爬虫脚本    [2]精准采集公开网页数据    [3]数据清洗导出    [不刀]杜绝隐私抓取｜破解攻击｜侵权操作！[黄圆]手动复制低效易错？[右]自动化秒级采集[红圆]竞品价格波动难追踪？[右]实时监控数据导出[蓝圆]论文数据收集耗时？[右]定向抓取结构化交付[绿圆]舆情信息分散？[右]多平台公开评论聚合[黄圆]企业信息查询繁琐？[右]批量抓取工商信息[钉子]「服务流程」    1.需求沟通    2.合规评估    3.报价签约    4.定金支付    5.开发测试    6.验收结单[钉子]「保障承诺」｜安全合规｜代码注释清晰｜交付完整文档｜包售后｜[钉子]「应用场景」    [五角星]市场分析   → 房产｜招聘数据聚合    [五角星]学术研究   → 文献信息批量获取    [五角星]舆情监测   → 新闻｜论坛公开话题追踪    [五角星]企业决策   → 工商信息批量查询    [五角星]电商运营   → 竞品价格监控｜商品描述抓取    [钉子]「费用说明」    [右]基础需求：¥100起      [右]复杂度加价项：¥200起    [右]点击【我想要】发送具体需求，获取精准报价！  [钉子]「购买须知」    [1]提供清晰需求文档者优先接单    [2]开发周期通常1-3天（视复杂度而定）[钉子]「技术背书」    » 3年Python爬虫开发经验，处理过电商｜政务｜学术等领域百余案例    » 现在咨询即送《数据采集合规指南》电子版！  ----------------------------------让技术成为生产力，而非法律风险源！只做合规项目，持久合作方能共赢！----------------------------------
9.90,包邮,无,Python大众点评爬虫接单&&数据采集，需要其他信息可可以 点击我想要私聊告知。 【重点】：十年互联网行业从业经验，参与大型项目多个，具有丰富的数据采集经验！ 如有需求，请带着诚意来私！万事可行！[愉快][愉快]  【学生优惠价】【关注必得粉丝价】拍前私聊  感兴趣的话点“我想要&rdq...,大众数据,山西,Python大众点评爬虫接单&&数据采集，需要其他信息可可以 点击我想要私聊告知。 【重点】：十年互联网行业从业经验，参与大型项目多个，具有丰富的数据采集经验！ 如有需求，请带着诚意来私！万事可行！[愉快][愉快]  【学生优惠价】【关注必得粉丝价】拍前私聊  感兴趣的话点“我想要&rdq...
60,包邮,无,Python爬虫接单，数据分析可视化 python爬虫接单 数据抓取 数据分析可视化 情感分析  爬图片 爬评论 爬评价  爬文章 爬电商数据  要求公开数据的都可以爬取  个人高质量接单，保质保效保售后，欢迎咨询滴滴！,学长的小稿箱,上海,Python爬虫接单，数据分析可视化 python爬虫接单 数据抓取 数据分析可视化 情感分析  爬图片 爬评论 爬评价  爬文章 爬电商数据  要求公开数据的都可以爬取  个人高质量接单，保质保效保售后，欢迎咨询滴滴！
6.66,包邮/极好,无,爬虫公开数据采集Python爬虫代做编程网页数据数据爬虫， Python爬虫服务，数据采集，app，网页，小程序数据  网页爬虫，价格实惠，按需定制。支持房产信息、商品信息等多类型数据采集，导出您需要的格式。  代码问题爬取失败全额退款。  分类:软件/程序/网站开发｜预计工期:1-5天｜售后服务...,梁木之之,湖北,爬虫公开数据采集Python爬虫代做编程网页数据数据爬虫， Python爬虫服务，数据采集，app，网页，小程序数据  网页爬虫，价格实惠，按需定制。支持房产信息、商品信息等多类型数据采集，导出您需要的格式。  代码问题爬取失败全额退款。  分类:软件/程序/网站开发｜预计工期:1-5天｜售后服务...
5,包邮,无,【五元起接给钱就干】Python爬虫定制，可爬取网页公开的数 据、评论、文章、图片等，数据须合规，高效开发，认真负责！  [超便宜]价格：根据难易程度来定,写代码的三好青年,河北,【五元起接给钱就干】Python爬虫定制，可爬取网页公开的数 据、评论、文章、图片等，数据须合规，高效开发，认真负责！  [超便宜]价格：根据难易程度来定
100,包邮/优秀,无,python爬虫接单爬文字爬图片爬评论，只要是公开合法的数据 都可以爬取 数据分析可视化文本分析词频分析语义网络图词云图等等 本人热情好客，随时有空，有耐心，有需求就来问我，不买也可以问。 全天在线欢迎打扰 质优价廉，3年老店，可开发票做到您满意为止，有完整售后哟,小猪抱抱,浙江,python爬虫接单爬文字爬图片爬评论，只要是公开合法的数据 都可以爬取 数据分析可视化文本分析词频分析语义网络图词云图等等 本人热情好客，随时有空，有耐心，有需求就来问我，不买也可以问。 全天在线欢迎打扰 质优价廉，3年老店，可开发票做到您满意为止，有完整售后哟
56,包邮,19分钟前降价,python爬虫采集 超级优惠价 美团，大众点评  商家店铺 信息，团购套餐，评论等信息采集   数据采集 感兴趣的话点“我想要”和我私聊吧～ 秒回复，24小时一对一服务 [钉子]问题解决，安装调试，环境配置  [托腮]爬取的内容必须绿色健康！！！ [托腮]遵守相关法律法规！！...,盐道街大方的紫薯,广东,python爬虫采集 超级优惠价 美团，大众点评  商家店铺 信息，团购套餐，评论等信息采集   数据采集 感兴趣的话点“我想要”和我私聊吧～ 秒回复，24小时一对一服务 [钉子]问题解决，安装调试，环境配置  [托腮]爬取的内容必须绿色健康！！！ [托腮]遵守相关法律法规！！...
